time,steer,accel,brake,gear,speedX,trackPos,angle,rpm,damage
0.020181655883789062,0.0,0.0,0.0,1,-0.00913045,0.333439,0.00822276,5235.99,0.0
0.042160987854003906,0.0,0.0,0.0,1,-0.00913045,0.333439,0.00822276,5235.99,0.0
0.06261849403381348,0.0,0.0,0.0,1,-0.00913045,0.333439,0.00822276,5235.99,0.0
0.08353424072265625,0.0,0.0,0.0,1,-0.00913045,0.333439,0.00822276,5235.99,0.0
0.10610699653625488,0.0,0.0,0.0,1,-0.00913045,0.333439,0.00822276,5235.99,0.0
0.1265101432800293,0.0,0.0,0.0,1,-0.00913045,0.333439,0.00822276,5235.99,0.0
0.14817428588867188,0.0,0.0,0.0,1,-0.00913045,0.333439,0.00822276,5235.99,0.0
0.16977286338806152,0.0,0.0,0.0,1,-0.00913045,0.333439,0.00822276,5235.99,0.0
0.19098281860351562,0.0,0.0,0.0,1,-0.00913045,0.333439,0.00822276,5235.99,0.0
0.21195173263549805,0.0,0.0,0.0,1,-0.00913045,0.333439,0.00822276,5235.99,0.0
0.2330334186553955,0.0,0.0,0.0,1,-0.00913045,0.333439,0.00822276,5235.99,0.0
0.25423121452331543,0.0,0.0,0.0,1,-0.00913045,0.333439,0.00822276,5235.99,0.0
0.2751131057739258,0.0,0.0,0.0,1,-0.00913045,0.333439,0.00822276,5235.99,0.0
0.29639196395874023,0.0,0.0,0.0,1,-0.00913045,0.333439,0.00822276,5235.99,0.0
0.31780362129211426,0.0,0.0,0.0,1,-0.00913045,0.333439,0.00822276,5235.99,0.0
0.3397974967956543,0.0,0.0,0.0,1,-0.00913045,0.333439,0.00822276,5235.99,0.0
0.36044907569885254,0.0,0.0,0.0,1,-0.00913045,0.333439,0.00822276,5235.99,0.0
0.38287973403930664,0.0,0.0,0.0,1,-0.00913045,0.333439,0.00822276,5235.99,0.0
0.40328145027160645,0.0,0.0,0.0,1,-0.00913045,0.333439,0.00822276,5235.99,0.0
0.42421817779541016,0.0,0.0,0.0,1,-0.00913045,0.333439,0.00822276,5235.99,0.0
0.4466385841369629,0.0,0.0,0.0,1,-0.00913045,0.333439,0.00822276,5235.99,0.0
0.4671022891998291,0.0,0.0,0.0,1,-0.00913045,0.333439,0.00822276,5235.99,0.0
0.4883079528808594,0.0,0.0,0.0,1,-0.00913045,0.333439,0.00822276,5235.99,0.0
0.5099222660064697,0.0,0.0,0.0,1,-0.00913045,0.333439,0.00822276,5235.99,0.0
0.5310671329498291,0.0,0.0,0.0,1,-0.00913045,0.333439,0.00822276,5235.99,0.0
0.5522241592407227,0.0,0.0,0.0,1,-0.00913045,0.333439,0.00822276,5235.99,0.0
0.5734126567840576,0.0,0.0,0.0,1,-0.00913045,0.333439,0.00822276,5235.99,0.0
0.5945665836334229,0.0,0.0,0.0,1,-0.00913045,0.333439,0.00822276,5235.99,0.0
0.6154553890228271,0.0,0.0,0.0,1,-0.00913045,0.333439,0.00822276,5235.99,0.0
0.6376919746398926,0.0,0.0,0.0,1,-0.00913045,0.333439,0.00822276,5235.99,0.0
0.658099889755249,0.0,0.0,0.0,1,-0.00913045,0.333439,0.00822276,5235.99,0.0
0.6792924404144287,0.0,0.0,0.0,1,-0.00913045,0.333439,0.00822276,5235.99,0.0
0.7002456188201904,0.0,0.0,0.0,1,-0.00913045,0.333439,0.00822276,5235.99,0.0
0.7211141586303711,0.0,0.0,0.0,1,-0.00913045,0.333439,0.00822276,5235.99,0.0
0.7426676750183105,0.0,0.0,0.0,1,-0.00913045,0.333439,0.00822276,5235.99,0.0
0.7644550800323486,0.0,0.0,0.0,1,-0.00913045,0.333439,0.00822276,5235.99,0.0
0.7855813503265381,0.0,0.0,0.0,1,-0.00913045,0.333439,0.00822276,5235.99,0.0
0.8061213493347168,0.0,0.0,0.0,1,-0.00913045,0.333439,0.00822276,5235.99,0.0
0.8273468017578125,0.0,0.0,0.0,1,-0.00913045,0.333439,0.00822276,5235.99,0.0
0.8483295440673828,0.0,0.0,0.0,1,-0.00913045,0.333439,0.00822276,5235.99,0.0
0.8695068359375,0.0,0.0,0.0,1,-0.00913045,0.333439,0.00822276,5235.99,0.0
0.8903741836547852,0.0,0.0,0.0,1,-0.00913045,0.333439,0.00822276,5235.99,0.0
0.9119992256164551,0.0,0.0,0.0,1,-0.00913045,0.333439,0.00822276,5235.99,0.0
0.9329321384429932,0.0,0.0,0.0,1,-0.00913045,0.333439,0.00822276,5235.99,0.0
0.9537303447723389,0.0,0.0,0.0,1,-0.00913045,0.333439,0.00822276,5235.99,0.0
0.9748342037200928,0.0,0.0,0.0,1,-0.00913045,0.333439,0.00822276,5235.99,0.0
0.9957981109619141,0.0,0.0,0.0,1,-0.00913045,0.333439,0.00822276,5235.99,0.0
1.016822338104248,0.0,0.0,0.0,1,-0.00913045,0.333439,0.00822276,5235.99,0.0
1.0386011600494385,0.0,0.0,0.0,1,-0.0164475,0.33345,0.00871628,5235.99,0.0
1.0593721866607666,0.0,0.0,0.0,1,-0.0265772,0.333457,0.0087263,5235.99,0.0
1.080651044845581,0.0,0.0,0.0,1,-0.0357499,0.333452,0.00887459,5235.99,0.0
1.101865530014038,0.0,0.0,0.0,1,-0.0434661,0.33344,0.00883454,5235.99,0.0
1.1233422756195068,0.0,0.0,0.0,1,-0.0493377,0.333427,0.00895184,5235.99,0.0
1.1448819637298584,0.0,0.0,0.0,1,-0.0538456,0.333415,0.00889414,5235.99,0.0
1.1658153533935547,0.0,0.0,0.0,1,-0.056444,0.333399,0.00904101,5235.99,0.0
1.1875007152557373,0.0,0.0,0.0,1,-0.0567184,0.333377,0.00908869,5235.99,0.0
1.2093780040740967,0.0,0.0,0.0,1,-0.0569943,0.33335,0.00932616,5235.99,0.0
1.2299392223358154,0.0,0.0,0.0,1,-0.0578846,0.333323,0.00937956,5235.99,0.0
1.251197099685669,0.0,0.0,0.0,1,-0.0584987,0.333296,0.00960654,5235.99,0.0
1.2727558612823486,0.0,0.0,0.0,1,-0.0592272,0.333269,0.00966376,5235.99,0.0
1.2936115264892578,0.0,0.0,0.0,1,-0.0598389,0.333241,0.00986689,5235.99,0.0
1.3158152103424072,0.0,0.0,0.0,1,-0.059806,0.333216,0.0100166,5235.99,0.0
1.3363664150238037,0.0,0.0,0.0,1,-0.0606339,0.333191,0.0101616,5235.99,0.0
1.3577446937561035,0.0,0.0,0.0,1,-0.0604135,0.333167,0.0103132,5235.99,0.0
1.378281831741333,0.0,0.0,0.0,1,-0.0610653,0.333143,0.0104591,5235.99,0.0
1.3995225429534912,0.0,0.0,0.0,1,-0.0607774,0.333122,0.0106098,5235.99,0.0
1.4209070205688477,0.0,0.0,0.0,1,-0.0613722,0.333101,0.0107543,5235.99,0.0
1.4420952796936035,0.0,0.0,0.0,1,-0.0608781,0.333081,0.0109035,5235.99,0.0
1.463106632232666,0.0,0.0,0.0,1,-0.061309,0.333062,0.0110447,5235.99,0.0
1.484344244003296,0.0,0.0,0.0,1,-0.0608765,0.333043,0.0111887,5235.99,0.0
1.5052416324615479,0.0,0.0,0.0,1,-0.0611743,0.333024,0.0113255,5235.99,0.0
1.5262377262115479,0.0,0.0,0.0,1,-0.0606489,0.333007,0.0114648,5235.99,0.0
1.548227071762085,0.0,0.0,0.0,1,-0.0606509,0.332988,0.0115668,5235.99,0.0
1.569303035736084,0.0,0.0,0.0,1,-0.0603019,0.33297,0.0117843,5235.99,0.0
1.5910143852233887,0.0,0.0,0.0,1,-0.0603086,0.332954,0.0118234,5235.99,0.0
1.611572027206421,0.0,0.0,0.0,1,-0.0599857,0.33294,0.0120332,5235.99,0.0
1.6329665184020996,0.0,0.0,0.0,1,-0.0598655,0.332926,0.0120661,5235.99,0.0
1.654698133468628,0.0,0.0,0.0,1,-0.0595132,0.332911,0.0122692,5235.99,0.0
1.6761398315429688,0.0,0.0,0.0,1,-0.059394,0.332897,0.0122945,5235.99,0.0
1.696868896484375,0.0,0.0,0.0,1,-0.0591263,0.332883,0.0124895,5235.99,0.0
1.7184264659881592,0.0,0.0,0.0,1,-0.0591338,0.332869,0.0125086,5235.99,0.0
1.739457607269287,0.0,0.0,0.0,1,-0.0589905,0.332856,0.0126974,5235.99,0.0
1.760547399520874,0.0,0.0,0.0,1,-0.0590698,0.332843,0.0127103,5235.99,0.0
1.782832145690918,0.0,0.0,0.0,1,-0.0588622,0.332831,0.0128948,5235.99,0.0
1.8031558990478516,0.0,0.0,0.0,1,-0.058823,0.332818,0.0129034,5235.99,0.0
1.8241856098175049,0.0,0.0,0.0,1,-0.0586456,0.332805,0.0130808,5235.99,0.0
1.845064640045166,0.0,0.0,0.0,1,-0.0587312,0.332792,0.0130827,5235.99,0.0
1.8676550388336182,0.0,0.0,0.0,1,-0.0585816,0.33278,0.0132553,5235.99,0.0
1.8886091709136963,0.0,0.0,0.0,1,-0.0586561,0.332769,0.0132534,5235.99,0.0
1.9109697341918945,0.0,0.0,0.0,1,-0.0584151,0.332758,0.0134231,5235.99,0.0
1.932305097579956,0.0,0.0,0.0,1,-0.0585076,0.332747,0.0134179,5235.99,0.0
1.952437400817871,0.0,0.0,0.0,1,-0.0584241,0.332736,0.0135838,5235.99,0.0
1.9746284484863281,0.0,0.0,0.0,1,-0.058494,0.332725,0.0135762,5235.99,0.0
1.9951136112213135,0.0,0.0,0.0,1,-0.0584358,0.332714,0.0137393,5235.99,0.0
2.0173280239105225,0.0,0.0,0.0,1,-0.058438,0.332703,0.0137293,5235.99,0.0
2.037668228149414,0.0,0.0,0.0,1,-0.0583514,0.332691,0.013889,5235.99,0.0
2.0592734813690186,0.0,0.0,0.0,1,-0.0583927,0.33268,0.0138757,5235.99,0.0
2.079796552658081,0.0,0.0,0.0,1,-0.0584295,0.332669,0.0139958,5235.99,0.0
2.100862503051758,0.0,0.0,0.0,1,-0.0582575,0.332661,0.0140693,5235.99,0.0
2.1224069595336914,0.0,0.0,0.0,1,-0.0583963,0.332653,0.0141365,5235.99,0.0
2.1543941497802734,0.0,0.0,0.0,1,-0.0581592,0.332645,0.0142099,5235.99,0.0
2.1755428314208984,0.0,0.0,0.0,1,-0.0583323,0.332637,0.0142752,5235.99,0.0
2.196934700012207,0.0,0.0,0.0,1,-0.0581515,0.332629,0.0143463,5235.99,0.0
2.2182493209838867,0.0,0.0,0.0,1,-0.0582997,0.332621,0.0144097,5235.99,0.0
2.239780902862549,0.0,0.0,0.0,1,-0.0581408,0.332613,0.0144784,5235.99,0.0
2.26056170463562,0.0,0.0,0.0,1,-0.0582421,0.332605,0.0145404,5235.99,0.0
2.2821218967437744,0.0,0.0,0.0,1,-0.0581288,0.332597,0.0146067,5235.99,0.0
2.304173469543457,0.0,0.0,0.0,1,-0.0582269,0.33259,0.0146658,5235.99,0.0
2.324455976486206,0.0,0.0,0.0,1,-0.0580811,0.332581,0.0147306,5235.99,0.0
2.3455021381378174,0.0,0.0,0.0,1,-0.0582085,0.332574,0.0147878,5235.99,0.0
2.3671326637268066,0.0,0.0,0.0,1,-0.0580588,0.332565,0.0148508,5235.99,0.0
2.387653112411499,0.0,0.0,0.0,1,-0.0581587,0.332558,0.0149071,5235.99,0.0
2.4092588424682617,0.0,0.0,0.0,1,-0.0579739,0.332549,0.0149695,5235.99,0.0
2.429966688156128,0.0,0.0,0.0,1,-0.0580116,0.332542,0.0150248,5235.99,0.0
2.4510796070098877,0.0,0.0,0.0,1,-0.0578133,0.332534,0.0150863,5235.99,0.0
2.4721720218658447,0.0,0.0,0.0,1,-0.0578312,0.332526,0.0151412,5235.99,0.0
2.494410991668701,0.0,0.0,0.0,1,-0.0576375,0.332515,0.0152008,5235.99,0.0
2.515974760055542,0.0,0.0,0.0,1,-0.0577509,0.332504,0.0152528,5235.99,0.0
2.5364983081817627,0.0,0.0,0.0,1,-0.0576623,0.332493,0.01531,5235.99,0.0
2.5575852394104004,0.0,0.0,0.0,1,-0.057707,0.332482,0.0153605,5235.99,0.0
2.5795552730560303,0.0,0.0,0.0,1,-0.05756,0.332471,0.0154158,5235.99,0.0
2.6011898517608643,0.0,0.0,0.0,1,-0.0576422,0.33246,0.0154631,5235.99,0.0
2.621943473815918,0.0,0.0,0.0,1,-0.0575052,0.332448,0.0155165,5235.99,0.0
2.6434836387634277,0.0,0.0,0.0,1,-0.0574761,0.332438,0.0155618,5235.99,0.0
2.6651010513305664,0.0,0.0,0.0,1,-0.057373,0.332426,0.0156094,5235.99,0.0
2.6855368614196777,0.0,0.0,0.0,1,-0.0576011,0.332413,0.0156514,5235.99,0.0
2.7070960998535156,0.0,0.0,0.0,1,-0.0569824,0.332401,0.0157043,5235.99,0.0
2.72763729095459,0.0,0.0,0.0,1,-0.0568769,0.332387,0.0157492,5235.99,0.0
2.7494802474975586,0.0,0.0,0.0,1,-0.0569049,0.332373,0.0157959,5235.99,0.0
2.7701046466827393,0.0,0.0,0.0,1,-0.0571539,0.332359,0.0158369,5235.99,0.0
2.7922463417053223,0.0,0.0,0.0,1,-0.0567734,0.332343,0.0158874,5235.99,0.0
2.8134756088256836,0.0,0.0,0.0,1,-0.0562481,0.332327,0.015928,5235.99,0.0
2.8340790271759033,0.0,0.0,0.0,1,-0.0566304,0.33231,0.0159647,5235.99,0.0
2.856295585632324,0.0,0.0,0.0,1,-0.0569071,0.332292,0.0160014,5235.99,0.0
2.876538038253784,0.0,0.0,0.0,1,-0.0563778,0.332273,0.0160443,5235.99,0.0
2.898336410522461,0.0,0.0,0.0,1,-0.0566977,0.332254,0.0160686,5235.99,0.0
2.9186642169952393,0.0,0.0,0.0,1,-0.0564444,0.332235,0.0161101,5235.99,0.0
2.9413459300994873,0.0,0.0,0.0,1,-0.0569006,0.332217,0.0161282,5235.99,0.0
2.9619574546813965,0.0,0.0,0.0,1,-0.0559461,0.332202,0.0161287,5235.99,0.0
2.983609199523926,0.0,0.0,0.0,1,-0.0567133,0.332199,0.0161034,5235.99,0.0
3.004401445388794,0.0,0.0,0.0,1,-0.057081,0.332197,0.016122,5235.99,0.0
3.025402545928955,0.0,0.0,0.0,1,-0.0571667,0.332193,0.0161054,5235.99,0.0
3.047124147415161,0.0,0.0,0.0,1,-0.0577831,0.332195,0.0160863,5235.99,0.0
3.067657470703125,0.0,0.0,0.0,1,-0.0560249,0.3322,0.0160705,5235.99,0.0
3.0893425941467285,0.0,0.0,0.0,1,-0.0571445,0.332197,0.0161068,5235.99,0.0
3.1107614040374756,0.0,0.0,0.0,1,-0.0577528,0.332191,0.0161378,5235.99,0.0
3.1318044662475586,0.0,0.0,0.0,1,-0.0574499,0.332184,0.0161435,5235.99,0.0
3.152341842651367,0.0,0.0,0.0,1,-0.0571039,0.332184,0.0160906,5235.99,0.0
3.1740570068359375,0.0,0.0,0.0,1,-0.05662,0.332178,0.0161788,5235.99,0.0
3.1945414543151855,0.0,0.0,0.0,1,-0.0572776,0.332173,0.016194,5235.99,0.0
3.216027021408081,0.0,0.0,0.0,1,-0.0572338,0.332178,0.0161244,5235.99,0.0
3.2382454872131348,0.0,0.0,0.0,1,-0.0574791,0.332176,0.016122,5235.99,0.0
3.2586653232574463,0.0,0.0,0.0,1,-0.0570249,0.332169,0.0162007,5235.99,0.0
3.279507875442505,0.0,0.0,0.0,1,-0.0578034,0.332162,0.016237,5235.99,0.0
3.3002889156341553,0.0,0.0,0.0,1,-0.0565007,0.332165,0.0161526,5235.99,0.0
3.321467399597168,0.0,0.0,0.0,1,-0.0571716,0.332165,0.0161478,5235.99,0.0
3.342278480529785,0.0,0.0,0.0,1,-0.057193,0.332157,0.0162284,5235.99,0.0
3.36350679397583,0.0,0.0,0.0,1,-0.0555398,0.332144,0.0162989,5235.99,0.0
3.38508677482605,0.0,0.0,0.0,1,-0.0569029,0.332142,0.0162279,5235.99,0.0
3.4060890674591064,0.0,0.0,0.0,1,-0.0576732,0.332146,0.0161564,5235.99,0.0
3.4268689155578613,0.0,0.0,0.0,1,-0.0559557,0.332149,0.0161769,5235.99,0.0
3.4481048583984375,0.0,0.0,0.0,1,-0.0564482,0.332155,0.0161793,5235.99,0.0
3.4705543518066406,0.0,0.0,0.0,1,-0.056844,0.332172,0.0160963,5235.99,0.0
3.4921669960021973,0.0,0.0,0.0,1,-0.0563063,0.332193,0.0160071,5235.99,0.0
3.512944459915161,0.0,0.0,0.0,1,-0.0557596,0.332215,0.0160171,5235.99,0.0
3.534862756729126,0.0,0.0,0.0,1,-0.0568509,0.33223,0.0160877,5235.99,0.0
3.5563948154449463,0.0,0.0,0.0,1,-0.0571943,0.332233,0.0160686,5235.99,0.0
3.576939582824707,0.0,0.0,0.0,1,-0.0559104,0.332243,0.0159771,5235.99,0.0
3.5980401039123535,0.0,0.0,0.0,1,-0.0568618,0.332249,0.0160477,5235.99,0.0
3.6196701526641846,0.0,0.0,0.0,1,-0.0569198,0.332249,0.0160882,5235.99,0.0
3.640820026397705,0.0,0.0,0.0,1,-0.0566785,0.332253,0.0160539,5235.99,0.0
3.6618502140045166,0.0,0.0,0.0,1,-0.0571358,0.332248,0.0160481,5235.99,0.0
3.682293653488159,0.0,0.0,0.0,1,-0.0573416,0.33224,0.0161106,5235.99,0.0
3.703801393508911,0.0,0.0,0.0,1,-0.0572979,0.332239,0.0161149,5235.99,0.0
3.7253220081329346,0.0,0.0,0.0,1,-0.0568464,0.332241,0.0160868,5235.99,0.0
3.7470123767852783,0.0,0.0,0.0,1,-0.0572848,0.332235,0.0160834,5235.99,0.0
3.767646312713623,0.0,0.0,0.0,1,-0.0577449,0.332225,0.0161521,5235.99,0.0
3.789677858352661,0.0,0.0,0.0,1,-0.0559449,0.332216,0.0162117,5235.99,0.0
3.8112149238586426,0.0,0.0,0.0,1,-0.0573445,0.332211,0.0161769,5235.99,0.0
3.8317813873291016,0.0,0.0,0.0,1,-0.0564241,0.3322,0.0161607,5235.99,0.0
3.8530220985412598,0.0,0.0,0.0,1,-0.0569463,0.332198,0.0161545,5235.99,0.0
3.8741719722747803,0.0,0.0,0.0,1,-0.0565484,0.332197,0.0162265,5235.99,0.0
3.8959414958953857,0.0,0.0,0.0,1,-0.0577136,0.332193,0.0161831,5235.99,0.0
3.920344114303589,0.0,0.0,0.0,1,-0.0572214,0.332193,0.0161182,5235.99,0.0
3.9409584999084473,0.0,0.0,0.0,1,-0.0570545,0.332189,0.0161912,5235.99,0.0
3.962193727493286,0.0,0.0,0.0,1,-0.0562546,0.332188,0.0161969,5235.99,0.0
3.9831438064575195,0.0,0.0,0.0,1,-0.0571252,0.332185,0.0161974,5235.99,0.0
4.004640102386475,0.0,0.0,0.0,1,-0.0572774,0.332175,0.0161969,5235.99,0.0
4.026189088821411,0.0,0.0,0.0,1,-0.0568633,0.332166,0.0162231,5235.99,0.0
4.048004865646362,0.0,0.0,0.0,1,-0.0560635,0.332169,0.0162284,5235.99,0.0
4.068485975265503,0.0,0.0,0.0,1,-0.0570753,0.332167,0.0162265,5235.99,0.0
4.089686155319214,0.0,0.0,0.0,1,-0.0573975,0.33216,0.0162222,5235.99,0.0
4.1108622550964355,0.0,0.0,0.0,1,-0.0569471,0.332153,0.0162484,5235.99,0.0
4.13239049911499,0.0,0.0,0.0,1,-0.0569998,0.332157,0.0162527,5235.99,0.0
4.152740001678467,0.0,0.0,0.0,1,-0.0580851,0.332163,0.0162103,5235.99,0.0
4.174921274185181,0.0,0.0,0.0,1,-0.0570913,0.332165,0.0161878,5235.99,0.0
4.1950438022613525,0.0,0.0,0.0,1,-0.0567218,0.332169,0.016194,5235.99,0.0
4.216590166091919,0.0,0.0,0.0,1,-0.0564825,0.332169,0.016267,5235.99,0.0
4.238400936126709,0.0,0.0,0.0,1,-0.0572289,0.332174,0.0161945,5235.99,0.0
4.259454727172852,0.0,0.0,0.0,1,-0.0557128,0.332183,0.0161216,5235.99,0.0
4.298315048217773,0.0,0.0,0.0,1,-0.0570581,0.332185,0.0161998,5235.99,0.0
4.319700241088867,0.0,0.0,0.0,1,-0.0573008,0.332178,0.0162761,5235.99,0.0
4.340709209442139,0.0,0.0,0.0,1,-0.0550981,0.332169,0.0162694,5235.99,0.0
4.361712455749512,0.0,0.0,0.0,1,-0.0568946,0.332169,0.0161959,5235.99,0.0
4.38275671005249,0.0,0.0,0.0,1,-0.0570964,0.332175,0.0162045,5235.99,0.0
4.403906583786011,0.0,0.0,0.0,1,-0.0564026,0.332174,0.0162827,5235.99,0.0
4.425868034362793,0.0,0.0,0.0,1,-0.057318,0.332177,0.0162031,5235.99,0.0
4.44691276550293,0.0,0.0,0.0,1,-0.0574526,0.332186,0.0161163,5235.99,0.0
4.467452764511108,0.0,0.0,0.0,1,-0.0576349,0.332197,0.0161445,5235.99,0.0
4.489226579666138,0.0,0.0,0.0,1,-0.0574856,0.332199,0.016206,5235.99,0.0
4.509794473648071,0.0,0.0,0.0,1,-0.0569398,0.332204,0.016143,5235.99,0.0
4.530726909637451,0.0,0.0,0.0,1,-0.057354,0.332204,0.0161311,5235.99,0.0
4.551883935928345,0.0,0.0,0.0,1,-0.0576987,0.332197,0.0162079,5235.99,0.0
4.57283091545105,0.0,0.0,0.0,1,-0.0574494,0.33219,0.016256,5235.99,0.0
4.593876600265503,0.0,0.0,0.0,1,-0.0576875,0.33219,0.0162031,5235.99,0.0
4.6145875453948975,0.0,0.0,0.0,1,-0.0575442,0.332185,0.0161988,5235.99,0.0
4.635836839675903,0.0,0.0,0.0,1,-0.0568868,0.332181,0.0162269,5235.99,0.0
4.6573779582977295,0.0,0.0,0.0,1,-0.0573274,0.332185,0.0162474,5235.99,0.0
4.677942276000977,0.0,0.0,0.0,1,-0.0567776,0.332183,0.0162389,5235.99,0.0
4.699335098266602,0.0,0.0,0.0,1,-0.0572784,0.332186,0.0161568,5235.99,0.0
4.720400810241699,0.0,0.0,0.0,1,-0.0564019,0.332193,0.0161893,5235.99,0.0
4.742180347442627,0.0,0.0,0.0,1,-0.0572085,0.33219,0.0162684,5235.99,0.0
4.763036727905273,0.0,0.0,0.0,1,-0.0565402,0.332184,0.0162355,5235.99,0.0
4.784075975418091,0.0,0.0,0.0,1,-0.0572674,0.332188,0.0161526,5235.99,0.0
4.805944204330444,0.0,0.0,0.0,1,-0.0572807,0.332196,0.016185,5235.99,0.0
4.826628923416138,0.0,0.0,0.0,1,-0.0569892,0.332197,0.016235,5235.99,0.0
4.848049879074097,0.0,0.0,0.0,1,-0.0570215,0.332204,0.016154,5235.99,0.0
4.869483470916748,0.0,0.0,0.0,1,-0.0566271,0.332216,0.016081,5235.99,0.0
4.8908257484436035,0.0,0.0,0.0,1,-0.0572647,0.332219,0.0161559,5235.99,0.0
4.911365032196045,0.0,0.0,0.0,1,-0.056235,0.332216,0.0162298,5235.99,0.0
4.932366609573364,0.0,0.0,0.0,1,-0.0572576,0.33222,0.0161473,5235.99,0.0
4.9535582065582275,0.0,0.0,0.0,1,-0.0571509,0.332229,0.0160567,5235.99,0.0
4.975136041641235,0.0,0.0,0.0,1,-0.056914,0.332242,0.0160696,5235.99,0.0
4.996130704879761,0.0,0.0,0.0,1,-0.0564823,0.332247,0.0161449,5235.99,0.0
5.016944885253906,0.0,0.0,0.0,1,-0.0572523,0.332254,0.0160653,5235.99,0.0
5.038393020629883,0.0,0.0,0.0,1,-0.0568917,0.332267,0.0159757,5235.99,0.0
5.059520959854126,0.0,0.0,0.0,1,-0.0565846,0.332282,0.0159857,5235.99,0.0
5.0808632373809814,0.0,0.0,0.0,1,-0.0563719,0.332291,0.0160677,5235.99,0.0
5.1019017696380615,0.0,0.0,0.0,1,-0.0570077,0.332299,0.0159919,5235.99,0.0
5.122747898101807,0.0,0.0,0.0,1,-0.0570313,0.332313,0.0159041,5235.99,0.0
5.144084930419922,0.0,0.0,0.0,1,-0.0554023,0.332328,0.0159132,5235.99,0.0
5.165630578994751,0.0,0.0,0.0,1,-0.0568096,0.332334,0.0159904,5235.99,0.0
5.1861724853515625,0.0,0.0,0.0,1,-0.0569501,0.332333,0.0159771,5235.99,0.0
5.207294225692749,0.0,0.0,0.0,1,-0.0571261,0.332337,0.0158879,5235.99,0.0
5.22822117805481,0.0,0.0,0.0,1,-0.0566978,0.33235,0.0158789,5235.99,0.0
5.249256372451782,0.0,0.0,0.0,1,-0.0568003,0.33236,0.0159451,5235.99,0.0
5.2707178592681885,0.0,0.0,0.0,1,-0.057334,0.332359,0.0159447,5235.99,0.0
5.2913665771484375,0.0,0.0,0.0,1,-0.0569182,0.332352,0.0159346,5235.99,0.0
5.312610149383545,0.0,0.0,0.0,1,-0.0570655,0.332352,0.0159289,5235.99,0.0
5.334719657897949,0.0,0.0,0.0,1,-0.0571251,0.33236,0.0159404,5235.99,0.0
5.355247259140015,0.0,0.0,0.0,1,-0.0570156,0.332373,0.0158793,5235.99,0.0
5.376295566558838,0.0,0.0,0.0,1,-0.0563472,0.332377,0.0158545,5235.99,0.0
5.39753794670105,0.0,0.0,0.0,1,-0.0570867,0.332387,0.015855,5235.99,0.0
5.418529748916626,0.0,0.0,0.0,1,-0.0571803,0.332401,0.0158617,5235.99,0.0
5.440675258636475,0.0,0.0,0.0,1,-0.0562801,0.332414,0.0158088,5235.99,0.0
5.461400508880615,0.0,0.0,0.0,1,-0.0565416,0.332416,0.0158011,5235.99,0.0
5.4825756549835205,0.0,0.0,0.0,1,-0.0559257,0.33242,0.0158073,5235.99,0.0
5.504729509353638,0.0,0.0,0.0,1,-0.0571082,0.332419,0.0158874,5235.99,0.0
5.525002956390381,0.0,0.0,0.0,1,-0.0575425,0.332412,0.0158698,5235.99,0.0
5.546208620071411,0.0,0.0,0.0,1,-0.0582289,0.332408,0.0158216,5235.99,0.0
5.5677573680877686,0.0,0.0,0.0,1,-0.0557232,0.332409,0.0158402,5235.99,0.0
5.589359521865845,0.0,0.0,0.0,1,-0.0574063,0.332409,0.0158707,5235.99,0.0
5.6104443073272705,0.0,0.0,0.0,1,-0.0570579,0.332419,0.0157773,5235.99,0.0
5.632622003555298,0.0,0.0,0.0,1,-0.0569662,0.332433,0.0156953,5235.99,0.0
5.652982711791992,0.0,0.0,0.0,1,-0.0569053,0.332451,0.0156919,5235.99,0.0
5.67388916015625,0.0,0.0,0.0,1,-0.0566452,0.332472,0.0157058,5235.99,0.0
5.695153474807739,0.0,0.0,0.0,1,-0.0574504,0.332487,0.0156681,5235.99,0.0
5.716671943664551,0.0,0.0,0.0,1,-0.0560974,0.332494,0.0156423,5235.99,0.0
5.738082647323608,0.0,0.0,0.0,1,-0.0575394,0.332499,0.0156972,5235.99,0.0
5.759835243225098,0.0,0.0,0.0,1,-0.0564911,0.332497,0.0157444,5235.99,0.0
5.781555414199829,0.0,0.0,0.0,1,-0.0573625,0.332504,0.0156743,5235.99,0.0
5.802581548690796,0.0,0.0,0.0,1,-0.0552312,0.332513,0.0155994,5235.99,0.0
5.823098659515381,0.0,0.0,0.0,1,-0.0572869,0.332517,0.0156447,5235.99,0.0
5.845342397689819,0.0,0.0,0.0,1,-0.0561074,0.332525,0.0156457,5235.99,0.0
5.866176605224609,0.0,0.0,0.0,1,-0.0570041,0.332532,0.0156366,5235.99,0.0
5.886950254440308,0.0,0.1,0.0,1,-0.0572329,0.33253,0.0156123,5235.99,0.0
5.9084038734436035,0.0,0.19,0.0,1,-0.0572219,0.332534,0.0156338,5235.99,0.0
5.929437875747681,0.0,0.271,0.0,1,-0.0573406,0.332532,0.0157224,5235.99,0.0
5.950578212738037,0.0,0.34390000000000004,0.0,1,-0.0567674,0.332524,0.015711,5235.99,0.0
5.9725341796875,0.0,0.40951000000000004,0.0,1,-0.0572206,0.332525,0.0156257,5235.99,0.0
5.994098901748657,0.0,0.46855900000000006,0.0,1,-0.0571494,0.332532,0.0156237,5235.99,0.0
6.014709949493408,0.0,0.5217031000000001,0.0,1,-0.0570235,0.332536,0.0156948,5235.99,0.0
6.035866975784302,0.0,0.5695327900000001,0.0,1,-0.0573184,0.332531,0.0156876,5235.99,0.0
6.0569658279418945,0.0,0.6125795110000001,0.0,1,-0.057471,0.332522,0.0156786,5235.99,0.0
6.077969789505005,0.0,0.6513215599000001,0.0,1,0.123914,0.332508,0.015732,5235.99,0.0
6.100144147872925,0.0,0.68618940391,0.0,1,0.25051,0.332504,0.0157945,5235.99,0.0
6.120701551437378,0.0,0.717570463519,0.0,1,0.479287,0.332485,0.0157687,5235.99,0.0
6.141944646835327,0.0,0.7458134171671,0.0,1,0.744816,0.332473,0.0158073,5235.99,0.0
6.1627819538116455,0.0,0.7712320754503901,0.0,1,1.26489,0.332455,0.0158502,5235.99,0.0
6.184656381607056,0.0,0.7941088679053511,0.0,1,1.60625,0.332441,0.0159089,5235.99,0.0
6.204881191253662,0.0,0.814697981114816,0.0,1,2.1231,0.332399,0.0158297,5235.99,0.0
6.226036071777344,0.0,0.8332281830033343,0.0,1,2.69948,0.332356,0.0158202,5235.99,0.0
6.247895956039429,0.0,0.8499053647030009,0.0,1,3.33192,0.3323,0.0157973,5235.99,0.0
6.268629789352417,0.0,0.8649148282327008,0.0,1,3.87628,0.332245,0.0158107,5235.99,0.0
6.2896199226379395,0.0,0.8784233454094308,0.0,1,4.61918,0.332179,0.0158383,5235.99,0.0
6.310754060745239,0.0,0.8905810108684877,0.0,1,5.26509,0.332101,0.0158207,5235.99,0.0
6.331835985183716,0.0,0.901522909781639,0.0,1,5.9826,0.332008,0.0158278,5235.99,0.0
6.353504180908203,0.0,0.911370618803475,0.0,1,6.7793,0.331905,0.0158321,5235.99,0.0
6.37382698059082,0.0,0.9202335569231275,0.0,1,7.50403,0.33179,0.0158216,5235.99,0.0
6.395137786865234,0.0,0.9282102012308148,0.0,1,8.28386,0.331662,0.015825,5235.99,0.0
6.445512771606445,0.0,0.8353891811077333,0.0,1,9.12768,0.331521,0.0158293,5235.99,0.0
6.466572284698486,0.0,0.75185026299696,0.0,1,9.92345,0.331367,0.0158226,5235.99,0.0
6.487522840499878,0.0,0.676665236697264,0.0,1,10.7406,0.3312,0.0158231,5235.99,0.0
6.509317398071289,0.0,0.6089987130275376,0.0,1,11.6042,0.331019,0.0158259,5235.99,0.0
6.530862331390381,0.0,0.5480988417247838,0.0,1,12.4589,0.330825,0.0158245,5235.99,0.0
6.551172971725464,0.0,0.49328895755230545,0.0,1,13.3155,0.330616,0.015824,5235.99,0.0
6.572555065155029,0.0,0.4439600617970749,0.0,1,14.1858,0.330394,0.0158235,5235.99,0.0
6.594026803970337,0.0,0.3995640556173674,0.0,1,15.0637,0.330157,0.0158235,5235.99,0.0
6.614823579788208,0.0,0.35960765005563067,0.0,1,15.9469,0.329906,0.0158231,5235.99,0.0
6.636312961578369,0.0,0.3236468850500676,0.0,1,16.822,0.329641,0.0158231,5235.99,0.0
6.657283067703247,0.0,0.2912821965450608,0.0,1,17.6237,0.329363,0.0158226,5235.99,0.0
6.679500102996826,0.0,0.26215397689055475,0.0,1,18.2961,0.329073,0.0158226,5235.99,0.0
6.700953245162964,0.0,0.23593857920149927,0.0,1,18.8934,0.328773,0.0158226,5235.99,0.0
6.721938610076904,0.0,0.21234472128134935,0.0,1,19.4277,0.328463,0.0158226,5235.99,0.0
6.7435081005096436,0.0,0.1911102491532144,0.0,1,19.9054,0.328146,0.0158226,5235.99,0.0
6.765073299407959,0.0,0.17199922423789296,0.0,1,20.333,0.327821,0.0158226,5235.99,0.0
6.785264253616333,0.106850844,0.15479930181410367,0.0,1,20.7156,0.32749,0.0158226,5235.99,0.0
6.806500196456909,0.1921019592,0.1393193716326933,0.0,1,21.0576,0.327153,0.0158226,5235.99,0.0
6.827754259109497,0.26009765136,0.125387434469424,0.0,1,21.3629,0.326811,0.0158226,5235.99,0.0
6.850194454193115,0.314311025088,0.11284869102248159,0.0,1,21.6348,0.326463,0.0158226,5235.99,0.0
6.871978759765625,0.35751858407040005,0.10156382192023343,0.0,1,21.8773,0.326114,0.0158226,5235.99,0.0
6.892824172973633,0.39193913125632,0.09140743972821008,0.0,1,22.0933,0.325757,0.0158226,5235.99,0.0
6.913376569747925,0.419345969005056,0.08226669575538907,0.0,1,22.285,0.325401,0.0158226,5235.99,0.0
6.935563564300537,0.4411564192040448,0.07404002617985017,0.0,1,22.4555,0.325039,0.0158226,5235.99,0.0
6.956096172332764,0.45850247936323585,0.06663602356186515,0.0,1,22.6067,0.324675,0.0158226,5235.99,0.0
6.97710108757019,0.3668019834905887,0.05997242120567864,0.0,1,22.7331,0.324459,0.0147473,5235.99,0.0
6.997905731201172,0.29344158679247095,0.05397517908511078,0.0,1,22.8342,0.324567,0.0123121,5235.99,0.0
7.019464731216431,0.23475326943397676,0.0485776611765997,0.0,1,22.9154,0.325015,0.00876444,5235.99,0.0
7.040656805038452,0.18780261554718142,0.04371989505893973,0.0,1,22.9818,0.325779,0.00432938,5235.99,0.0
7.061738014221191,0.15024209243774514,0.03934790555304576,0.0,1,23.0355,0.326839,-0.000825707,5235.99,0.0
7.082523822784424,0.12019367395019612,0.035413114997741184,0.0,1,23.0849,0.328177,-0.00685865,5235.99,0.0
7.104096174240112,0.0961549391601569,0.03187180349796707,0.0,1,23.1288,0.329778,-0.0136378,5235.99,0.0
7.12566351890564,0.07692395132812552,0.02868462314817036,0.0,1,23.168,0.331637,-0.0209387,5235.99,0.0
7.146183013916016,0.061539161062500417,0.025816160833353325,0.0,1,23.2027,0.333745,-0.0286043,5235.99,0.0
7.16747522354126,0.04923132885000033,0.02323454475001799,0.0,1,23.2631,0.335941,-0.0353392,5235.99,0.0
7.189547777175903,0.03938506308000027,0.02091109027501619,0.0,1,23.3141,0.338048,-0.0407365,5235.99,0.0
7.209990739822388,0.031508050464000216,0.01881998124751457,0.0,1,23.354,0.340047,-0.0450624,5235.99,0.0
7.23096489906311,0.02520644037120017,0.016937983122763112,0.0,1,23.3847,0.341949,-0.0485299,5235.99,0.0
7.252048015594482,0.020165152296960136,0.0152441848104868,0.0,1,23.4074,0.343769,-0.0512975,5235.99,0.0
7.2735350131988525,0.0,0.01371976632943812,0.0,1,23.4241,0.345523,-0.0535095,5235.99,0.0
7.29499626159668,0.0,0.012347789696494308,0.0,1,23.4365,0.347225,-0.0552815,5235.99,0.0
7.316197395324707,0.0,0.011113010726844877,0.0,1,23.4451,0.348886,-0.0567024,5235.99,0.0
7.337327241897583,0.0,0.01000170965416039,0.0,1,23.4503,0.350515,-0.0578464,5235.99,0.0
7.359512090682983,0.0,0.10900153868874436,0.0,1,23.4522,0.352115,-0.0587547,5235.99,0.0
7.381021738052368,0.0,0.19810138481986994,0.0,1,23.4518,0.353693,-0.0594762,5235.99,0.0
7.402229070663452,0.0,0.27829124633788294,0.0,1,23.4494,0.355255,-0.0600637,5235.99,0.0
7.422743320465088,0.0,0.35046212170409463,0.0,1,23.445,0.356802,-0.0605271,5235.99,0.0
7.443930149078369,0.0,0.4154159095336852,0.0,1,23.4385,0.358336,-0.0608953,5235.99,0.0
7.46494460105896,0.0,0.4738743185803167,0.0,1,23.4307,0.359831,-0.0609754,5235.99,0.0
7.486160039901733,0.0,0.526486886722285,0.0,1,23.421,0.361296,-0.0609754,5235.99,0.0
7.507650852203369,0.0,0.5738381980500565,0.0,1,23.4102,0.362751,-0.0609754,5235.99,0.0
7.529294967651367,0.0,0.6164543782450509,0.0,1,23.3984,0.364205,-0.0609754,5235.99,0.0
7.550579786300659,0.0,0.6548089404205458,0.0,1,23.4763,0.36566,-0.0609754,5235.99,0.0
7.5712738037109375,0.0,0.6893280463784912,0.0,1,23.6433,0.367123,-0.0609754,5235.99,0.0
7.592662572860718,0.0,0.7203952417406421,0.0,1,23.8907,0.368598,-0.0609759,5235.99,0.0
7.6147801876068115,0.0,0.7483557175665778,0.0,1,24.2106,0.370092,-0.0609759,5235.99,0.0
7.636219024658203,0.0,0.77352014580992,0.0,1,24.5954,0.371607,-0.0609759,5235.99,0.0
7.656736135482788,0.0,0.796168131228928,0.0,1,25.0389,0.373149,-0.0609759,5235.99,0.0
7.677786111831665,0.0,0.8165513181060352,0.0,1,25.5339,0.37472,-0.0609759,5235.99,0.0
7.699548006057739,0.0,0.8348961862954317,0.0,1,26.0758,0.376324,-0.0609759,5235.99,0.0
7.720422983169556,0.0,0.8514065676658885,0.0,1,26.6589,0.377962,-0.0609759,5235.99,0.0
7.741504430770874,0.0,0.8662659108992996,0.0,1,27.2795,0.379638,-0.0609754,5235.99,0.0
7.7630860805511475,0.0,0.8796393198093696,0.0,1,27.9356,0.381354,-0.0609773,5235.99,0.0
7.784118890762329,0.0,0.8916753878284327,0.0,1,28.6179,0.383111,-0.061004,5235.99,0.0
7.806570529937744,0.0,0.9025078490455894,0.0,1,29.329,0.384913,-0.0610293,5235.99,0.0
7.8271484375,0.0,0.9122570641410305,0.0,1,30.0649,0.386759,-0.0610469,5235.99,0.0
7.849194049835205,0.0,0.9210313577269275,0.0,1,30.8242,0.388653,-0.0610603,5235.99,0.0
7.869626998901367,0.0,0.9289282219542347,0.0,1,31.6052,0.390595,-0.0610707,5359.45,0.0
7.890974283218384,0.0,0.9360353997588112,0.0,1,32.4169,0.392586,-0.0610817,5582.3,0.0
7.911898374557495,0.0,0.9424318597829301,0.0,1,33.2654,0.394631,-0.0610936,5868.22,0.0
7.933098554611206,0.0,0.9481886738046371,0.0,1,34.1486,0.396729,-0.0611094,6257.08,0.0
7.9547834396362305,0.0,0.9533698064241733,0.0,1,35.0603,0.398178,-0.0604062,6822.6,0.0
7.975072622299194,0.0,0.958032825781756,0.0,1,35.9919,0.400337,-0.0589979,7682.49,0.0
7.996053695678711,0.0,0.9622295432035803,0.0,1,36.937,0.402499,-0.0575579,9020.22,0.0
8.01774787902832,0.0,0.9660065888832223,0.0,1,37.8981,0.404661,-0.0560868,10834.0,0.0
8.039258241653442,0.0,0.9694059299949,0.0,1,38.8841,0.406817,-0.0545845,12646.8,0.0
8.059876203536987,0.0,0.97246533699541,0.0,1,39.9014,0.408969,-0.0530506,14473.6,0.0
8.080780029296875,0.0,0.9752188032958691,0.0,1,40.5451,0.411107,-0.0511438,17288.3,0.0
8.101887226104736,0.0,0.9776969229662822,0.0,1,41.5127,0.413223,-0.049656,19403.7,0.0
8.122886896133423,0.0,0.9799272306696539,0.0,1,42.5604,0.415311,-0.0480411,19094.6,0.0
8.14404034614563,0.0,0.9819345076026885,0.0,1,43.6577,0.417374,-0.0463523,19727.8,0.0
8.166146516799927,0.0,0.9837410568424196,0.0,1,44.7838,0.419411,-0.0446036,19178.8,0.0
8.186482191085815,0.0,0.9853669511581776,0.0,1,45.9175,0.421417,-0.0428027,19743.4,0.0
8.207632064819336,0.0,0.9868302560423599,0.0,1,47.0425,0.423388,-0.0409557,19279.6,0.0
8.22963809967041,0.0,0.9881472304381239,0.0,1,48.1445,0.425318,-0.0390695,19560.2,0.0
8.250700950622559,0.0,0.9893325073943116,0.0,1,49.2269,0.427193,-0.0371465,19096.8,0.0
8.271360158920288,0.09269265,0.9903992566548804,0.0,1,50.3004,0.429014,-0.0351787,19785.2,0.0
8.29295802116394,0.166084602,0.9913593309893923,0.0,1,51.3775,0.430766,-0.0331647,19074.4,0.0
8.313331842422485,0.22403106360000002,0.9922233978904531,0.0,1,52.4505,0.432449,-0.0311093,19846.6,0.0
8.334687232971191,0.26962110888,0.9930010581014078,0.0,1,53.5206,0.434054,-0.0290133,19083.6,0.0
8.35590648651123,0.305325325104,0.993700952291267,0.0,1,54.5831,0.435575,-0.0268775,19561.8,0.0
8.37775993347168,0.3331230500832,0.9943308570621403,0.0,1,55.6431,0.437004,-0.024703,19160.9,0.0
8.398521423339844,0.26649844006656,0.9948977713559263,0.0,1,56.6958,0.438332,-0.0224911,19646.2,0.0
8.419736862182617,0.21319875205324798,0.9954079942203337,0.0,1,57.7416,0.439555,-0.0202422,19363.7,0.0
8.441926717758179,0.17055900164259838,0.9958671947983003,0.0,1,58.7901,0.440664,-0.0179599,19768.0,0.0
8.462752103805542,0.1364472013140787,0.9962804753184703,0.0,1,59.935,0.441775,-0.0170753,19251.2,0.0
8.484439373016357,0.10915776105126296,0.9966524277866233,0.0,1,61.0698,0.443059,-0.0193807,19752.3,0.0
8.504992723464966,0.08732620884101036,0.996987185007961,0.0,1,62.1644,0.44459,-0.0253618,18958.2,0.0
8.526849269866943,0.06986096707280828,0.997288466507165,0.0,1,63.1967,0.446416,-0.035209,19772.3,0.0
8.547605514526367,0.05588877365824663,0.9975596198564485,0.0,1,64.1767,0.448578,-0.048995,19071.6,0.0
8.607710361480713,0.044711018926597304,0.9978036578708036,0.0,1,65.1146,0.451139,-0.0667197,19660.5,0.0
8.629148960113525,0.12070323714127786,0.9980232920837232,0.0,1,66.0287,0.454104,-0.087695,19032.6,0.0
8.65068244934082,0.1822070697130223,0.9982209628753509,0.0,1,66.9379,0.457433,-0.110559,19642.6,0.0
8.671211004257202,0.23223645577041785,0.9983988665878158,0.0,1,67.8197,0.461141,-0.134496,19003.8,0.0
8.692250967025757,0.2731671046163343,0.9985589799290343,0.0,1,68.6629,0.465286,-0.159352,19619.4,0.0
8.714827060699463,0.30689706369306746,0.9987030819361309,0.0,1,69.4608,0.469961,-0.185234,18990.6,0.0
8.73543643951416,0.33495521095445396,0.9988327737425178,0.0,1,70.2053,0.47526,-0.212299,19628.2,0.0
8.75711464881897,0.26796416876356316,0.998949496368266,0.0,1,70.9022,0.481275,-0.24071,18989.5,0.0
8.77763843536377,0.21437133501085054,0.9990545467314395,0.0,1,71.5907,0.488129,-0.270637,19810.5,0.0
8.798494577407837,0.17149706800868042,0.9991490920582955,0.0,1,72.2236,0.495931,-0.30194,19032.3,0.0
8.8196542263031,0.13719765440694434,0.9992341828524659,0.0,1,72.7393,0.504789,-0.334875,19610.9,0.0
8.840543508529663,0.10975812352555547,0.8993107645672194,0.0,1,73.0966,0.514778,-0.369875,19057.9,0.0
8.862075805664062,0.08780649882044438,0.8093796881104974,0.0,1,73.2973,0.52594,-0.407139,19821.2,0.0
8.883092880249023,0.0702451990563555,0.7284417192994477,0.0,1,73.3405,0.538317,-0.446907,19380.6,0.0
8.90449571609497,0.0561961592450844,0.6555975473695029,0.0,1,73.2267,0.551956,-0.489264,20173.9,0.0
8.925493001937866,0.04495692739606752,0.5900377926325526,0.0,1,72.9403,0.566902,-0.534103,19408.4,0.0
8.94656777381897,0.03596554191685401,0.5310340133692973,0.0,1,72.4957,0.583165,-0.580968,19639.8,0.0
8.967325448989868,0.02877243353348321,0.4779306120323676,0.0,1,71.8859,0.600761,-0.629447,19524.9,0.0
8.98840069770813,0.023017946826786567,0.43013755082913085,0.0,1,71.1507,0.61971,-0.679132,19945.6,0.0
9.009688377380371,0.0,0.38712379574621775,0.0,1,63.9241,0.627149,-0.703933,19509.5,6.0
9.030770540237427,0.0,0.348411416171596,0.0,1,66.4021,0.636841,-0.663729,19335.0,6.0
9.051969051361084,0.0,0.31357027455443637,0.0,1,68.5717,0.647639,-0.627068,19271.0,6.0
9.07296371459961,0.0,0.28221324709899276,0.0,1,69.9204,0.651861,-0.584513,19491.5,6.0
9.094503164291382,0.0,0.25399192238909346,0.0,1,72.0264,0.663333,-0.541683,19528.6,6.0
9.116050958633423,0.0,0.2285927301501841,0.0,1,73.8657,0.675743,-0.502619,19395.3,6.0
9.136578798294067,0.0,0.2057334571351657,0.0,1,75.4762,0.689067,-0.46747,18975.5,6.0
9.15852403640747,0.0,0.18516011142164912,0.0,1,76.4437,0.695557,-0.425606,18306.7,6.0
9.179498434066772,0.0,0.1666441002794842,0.0,1,77.9893,0.709099,-0.383961,17395.3,6.0
9.200169563293457,0.0,0.1499796902515358,0.0,1,79.3151,0.723419,-0.347284,16290.1,6.0
9.221190690994263,0.0,0.13498172122638222,0.0,1,80.4703,0.738467,-0.315606,15036.5,6.0
9.243252992630005,0.0,0.121483549103744,0.0,1,80.5255,0.745336,-0.26837,13917.0,6.0
9.26483154296875,0.0,0.1093351941933696,0.0,1,81.3018,0.757591,-0.218624,13387.1,6.0
9.285236120223999,0.0,0.09840167477403264,0.0,1,81.6828,0.769735,-0.183223,13093.8,6.0
9.306379556655884,0.0,0.08856150729662937,0.0,1,81.8852,0.781713,-0.16154,12900.4,6.0
9.327818155288696,0.0,0.07970535656696644,0.0,1,81.9936,0.793488,-0.15041,12809.3,6.0
9.349417924880981,0.0,0.0717348209102698,0.0,1,53.3085,0.782789,-0.153213,12383.5,75.0
9.370201587677002,0.0,0.06456133881924281,0.0,1,55.7581,0.766444,-0.0916193,11151.3,75.0
9.39138388633728,0.0,0.05810520493731853,0.0,1,57.7416,0.750905,-0.0322336,10055.7,75.0
9.412545919418335,0.0,0.052294684443586675,0.0,1,59.0317,0.736158,0.0239418,9558.03,75.0
9.433955907821655,0.0,0.047065215999228006,0.0,1,59.9045,0.72202,0.0737079,9353.91,75.0
9.455904960632324,0.0,0.0423586943993052,0.0,1,60.392,0.708336,0.115532,9356.81,75.0
9.47684907913208,0.0,0.03812282495937468,0.0,1,60.6328,0.694949,0.148946,9401.21,75.0
9.49807596206665,0.0,0.03431054246343722,0.0,1,60.7335,0.681831,0.173622,9408.6,75.0
9.519494771957397,0.0,0.030879488217093496,0.0,1,60.7402,0.669034,0.189991,9399.5,75.0
9.540851354598999,0.0,0.027791539395384146,0.0,1,60.6971,0.656619,0.199441,9383.18,75.0
9.56239652633667,0.0,0.02501238545584573,0.0,1,60.6306,0.644544,0.204375,9364.38,75.0
9.584303617477417,0.0,0.022511146910261157,0.0,1,60.5491,0.63265,0.207381,9343.81,75.0
9.60502314567566,0.0,0.02026003221923504,0.0,1,60.4565,0.620809,0.209811,9322.88,75.0
9.626450538635254,0.0,0.018234028997311538,0.0,1,60.3551,0.608958,0.212091,9301.69,75.0
9.64803695678711,0.0,0.016410626097580386,0.0,1,60.2456,0.597064,0.214335,9279.28,75.0
9.67033863067627,0.0,0.014769563487822348,0.0,1,60.1293,0.585101,0.216571,9257.02,75.0
9.69087028503418,0.0,0.013292607139040112,0.0,1,60.0069,0.573059,0.218806,9233.86,75.0
9.712055921554565,0.0,0.011963346425136101,0.0,1,59.8797,0.560933,0.22104,9211.19,75.0
9.732937335968018,0.0,0.010767011782622491,0.0,1,59.7482,0.548724,0.223272,9187.92,75.0
9.7548348903656,0.0,0.009690310604360241,0.0,1,59.6124,0.536425,0.225501,9164.05,75.0
9.775978565216064,0.0,0.008721279543924217,0.0,1,59.4738,0.52404,0.227726,9140.99,75.0
9.797024011611938,0.0,0.007849151589531795,0.0,1,59.3313,0.511566,0.229947,9116.26,75.0
9.818150758743286,0.0,0.007064236430578616,0.0,1,59.186,0.499008,0.232163,9092.31,75.0
9.839404344558716,0.0,0.006357812787520754,0.0,1,59.0383,0.486378,0.233197,9068.0,75.0
9.86060380935669,0.0,0.005722031508768679,0.0,1,58.8896,0.473762,0.23329,9044.69,75.0
9.882507562637329,0.0,0.005149828357891811,0.0,1,58.7391,0.461176,0.233384,9019.99,75.0
9.90341067314148,0.0,0.0046348455221026305,0.0,1,58.5876,0.448619,0.233479,8996.25,75.0
9.924944639205933,0.0,0.004171360969892368,0.0,1,58.436,0.436091,0.233577,8971.94,75.0
9.945514917373657,0.0,0.003754224872903131,0.0,1,58.2839,0.423586,0.233675,8947.64,75.0
9.966452836990356,0.0,0.003378802385612818,0.0,1,58.1308,0.411111,0.233772,8924.16,75.0
9.987633466720581,0.0,0.003040922147051536,0.0,1,57.9773,0.398665,0.23387,8900.42,75.0
10.009342193603516,0.0,0.0027368299323463825,0.0,1,57.8232,0.386246,0.233968,8876.54,75.0
10.029937028884888,0.0,0.0024631469391117444,0.0,1,57.6687,0.373852,0.234067,8852.54,75.0
10.052056312561035,0.0,0.00221683224520057,0.0,1,57.515,0.361489,0.234165,8829.67,75.0
10.07222843170166,0.0,0.001995149020680513,0.0,1,57.3612,0.349156,0.234263,8805.65,75.0
10.094193696975708,0.0,0.0017956341186124618,0.0,1,57.2082,0.336846,0.234361,8782.77,75.0
10.116213321685791,0.0,0.0016160707067512155,0.0,1,57.0552,0.324565,0.234458,8758.8,75.0
10.136489629745483,0.0,0.001454463636076094,0.0,1,56.903,0.312313,0.234554,8736.02,75.0
10.157467603683472,0.0,0.0013090172724684846,0.0,1,56.7506,0.300091,0.23465,8712.19,75.0
10.179008960723877,0.0,0.001178115545221636,0.0,1,56.599,0.287892,0.234746,8689.56,75.0
10.199350118637085,0.0,0.0010603039906994724,0.0,1,56.4486,0.275722,0.234841,8667.1,75.0
10.220601081848145,0.0,0.0009542735916295252,0.0,1,56.2981,0.263581,0.234935,8643.59,75.0
10.24144697189331,0.0,0.0008588462324665726,0.0,1,56.1484,0.251469,0.235029,8621.21,75.0
10.262754678726196,0.0,0.0007729616092199154,0.0,1,55.9997,0.239381,0.235122,8599.01,75.0
10.284719705581665,0.0,0.0006956654482979238,0.0,1,55.8523,0.227321,0.235214,8576.97,75.0
10.304785966873169,0.0,0.0006260989034681314,0.0,1,55.706,0.215287,0.235305,8555.09,75.0
10.326121091842651,0.0,0.0005634890131213183,0.0,1,55.5596,0.203284,0.235395,8532.18,75.0
10.347344636917114,0.0,0.0005071401118091865,0.0,1,55.4138,0.191307,0.235485,8510.42,75.0
10.368199825286865,0.0,0.00045642610062826783,0.0,1,55.2692,0.179353,0.235574,8488.79,75.0
10.389822721481323,0.0,0.00041078349056544104,0.0,1,55.1257,0.167426,0.235662,8467.33,75.0
10.410615921020508,0.0,0.00036970514150889695,0.0,1,54.9833,0.155526,0.235749,8446.04,75.0
10.431813955307007,0.0,0.00033273462735800723,0.0,1,54.8419,0.143654,0.235835,8424.9,75.0
10.453932285308838,0.0,0.0002994611646222065,0.0,1,54.7016,0.131809,0.23592,8403.89,75.0
10.474454402923584,0.0,0.00026951504815998583,0.0,1,54.5624,0.119992,0.236004,8382.96,75.0
10.496499300003052,0.0,0.00024256354334398724,0.0,1,54.4242,0.108196,0.236087,8362.16,75.0
10.517735719680786,0.0,0.00021830718900958852,0.0,1,54.287,0.0964247,0.236169,8341.71,75.0
10.538036108016968,0.0,0.00019647647010862966,0.0,1,54.1508,0.0846804,0.236251,8321.37,75.0
10.559723138809204,0.0,0.0001768288230977667,0.0,1,54.0144,0.0729624,0.236331,8300.02,75.0
10.581116676330566,0.0,0.00015914594078799001,0.0,1,53.8786,0.061271,0.236412,8279.7,75.0
10.602615594863892,0.0,0.00014323134670919102,0.0,1,53.7438,0.0496049,0.236491,8259.51,75.0
10.62394094467163,0.07356426,0.00012890821203827193,0.0,1,53.61,0.0379631,0.23657,8239.45,75.0
10.64534592628479,0.13249120800000003,0.00011601739083444473,0.0,1,53.4772,0.0263487,0.236648,8219.53,75.0
10.666222333908081,0.17970776640000002,0.00010441565175100026,0.0,1,53.3453,0.014758,0.236725,8199.75,75.0
10.687306642532349,0.21755553312,9.397408657590024e-05,0.0,1,53.2143,0.00318718,0.236801,8180.11,75.0
10.70936369895935,0.247907786496,8.457667791831022e-05,0.0,1,53.0843,-0.00835713,0.236876,8160.6,75.0
10.773497343063354,0.27226308919680003,7.61190101264792e-05,0.0,1,52.9552,-0.0198782,0.236951,8141.23,75.0
10.794742584228516,0.21781047135744003,6.850710911383128e-05,0.0,1,52.8271,-0.0313729,0.237024,8122.01,75.0
10.815818548202515,0.17424837708595203,6.165639820244815e-05,0.0,1,52.6998,-0.0428433,0.237097,8102.9,75.0
10.838083505630493,0.13939870166876162,5.5490758382203335e-05,0.0,1,52.5735,-0.0542904,0.237169,8083.93,75.0
10.858262777328491,0.1115189613350093,4.9941682543983004e-05,0.0,1,52.4432,-0.0655958,0.236128,8064.33,75.0
10.879170656204224,0.08921516906800744,4.49475142895847e-05,0.0,1,52.307,-0.0765794,0.233032,8043.59,75.0
10.900298833847046,0.07137213525440596,4.045276286062623e-05,0.0,1,52.167,-0.0871396,0.228062,8022.1,75.0
10.92203164100647,0.057097708203524764,3.6407486574563605e-05,0.0,1,52.0253,-0.0972141,0.221534,8000.33,75.0
10.94338083267212,0.04567816656281981,3.2766737917107245e-05,0.0,1,51.8836,-0.106766,0.213749,7978.59,75.0
10.965391397476196,0.036542533250255846,2.9490064125396518e-05,0.0,1,51.7497,-0.115806,0.205286,7958.25,75.0
10.985878944396973,0.029234026600204677,2.6541057712856865e-05,0.0,1,51.613,-0.124329,0.196287,7937.61,75.0
11.006965398788452,0.023387221280163743,2.3886951941571178e-05,0.0,1,51.4962,-0.132421,0.187714,7920.33,75.0
11.029303312301636,0.0,2.149825674741406e-05,0.0,1,51.3848,-0.140232,0.180533,7904.33,75.0
11.050604343414307,0.07833714000000001,1.9348431072672653e-05,0.0,1,51.2732,-0.147853,0.174757,7888.11,75.0
11.070953845977783,0.141420372,1.7413587965405388e-05,0.0,1,51.1607,-0.155341,0.170124,7871.5,75.0
11.092449426651001,0.1922324376,1.567222916886485e-05,0.0,1,51.0479,-0.162729,0.166414,7854.67,75.0
11.114474058151245,0.23317237007999997,1.4105006251978364e-05,0.0,1,50.9349,-0.170043,0.163449,7837.64,75.0
11.13517451286316,0.266170016064,1.2694505626780527e-05,0.0,1,50.8211,-0.177271,0.160831,7820.41,75.0
11.156678438186646,0.2927934928512,1.1425055064102475e-05,0.0,1,50.7085,-0.184418,0.158532,7803.45,75.0
11.1776864528656,0.31429777428096,1.0282549557692228e-05,0.0,1,50.5965,-0.191506,0.156632,7786.61,75.0
11.19924807548523,0.331682399424768,9.254294601923006e-06,0.0,1,50.485,-0.198546,0.155085,7769.84,75.0
11.220572471618652,0.2653459195398144,8.328865141730704e-06,0.0,1,50.3741,-0.205548,0.153843,7753.16,75.0
11.241616487503052,0.2122767356318515,7.495978627557634e-06,0.0,1,50.2638,-0.212521,0.152851,7736.56,75.0
11.262884855270386,0.1698213885054812,6.746380764801871e-06,0.0,1,50.1541,-0.219501,0.152366,7720.03,75.0
11.285014152526855,0.13585711080438495,6.071742688321684e-06,0.0,1,50.0402,-0.22638,0.151073,7702.89,75.0
11.305742979049683,0.10868568864350796,5.464568419489516e-06,0.0,1,49.9195,-0.232943,0.14782,7684.45,75.0
11.326271772384644,0.08694855091480637,4.918111577540564e-06,0.0,1,49.7943,-0.239082,0.142718,7665.21,75.0
11.347320079803467,0.0695588407318451,4.426300419786508e-06,0.0,1,49.6668,-0.244735,0.136049,7645.64,75.0
11.36880111694336,0.055647072585476076,3.983670377807857e-06,0.0,1,49.5389,-0.249864,0.128088,7626.02,75.0
11.389366388320923,0.04451765806838086,3.5853033400270712e-06,0.0,1,49.4116,-0.254445,0.119083,7606.53,75.0
11.41047477722168,0.035614126454704687,3.226773006024364e-06,0.0,1,49.2858,-0.258461,0.109245,7587.29,75.0
11.43148159980774,0.02849130116376375,2.9040957054219273e-06,0.0,1,49.1611,-0.261903,0.0987357,7568.27,75.0
11.45233941078186,0.022793040931010998,2.6136861348797343e-06,0.0,1,49.0634,-0.264883,0.0888096,7553.81,75.0
11.474159479141235,0.0,2.352317521391761e-06,0.0,1,48.9589,-0.267492,0.0797185,7538.56,75.0
11.495842218399048,0.0,2.1170857692525848e-06,0.0,1,48.8654,-0.269796,0.0716586,7524.86,75.0
11.51718544960022,0.0,1.9053771923273262e-06,0.0,1,48.7729,-0.271912,0.0650608,7511.35,75.0
11.539271354675293,0.0,1.7148394730945937e-06,0.0,1,48.6791,-0.273911,0.0597727,7497.44,75.0
11.559738397598267,0.0,0.10000154335552579,0.0,1,48.5839,-0.27583,0.0555359,7483.18,75.0
11.581876277923584,0.0,0.1900013890199732,0.0,1,48.4879,-0.277696,0.0521419,7468.72,75.0
11.602793455123901,0.0,0.2710012501179759,0.0,1,48.3915,-0.279522,0.049416,7454.13,75.0
11.624072074890137,0.0,0.3439011251061783,0.0,1,48.295,-0.28132,0.0472242,7439.51,75.0
11.645004272460938,0.0,0.30951101259556046,0.0,1,48.1987,-0.283096,0.0454601,7424.95,75.0
11.667533874511719,0.0,0.27855991133600444,0.0,1,48.1026,-0.284857,0.0440394,7410.42,75.0
11.688062191009521,0.0,0.250703920202404,0.0,1,48.0069,-0.286602,0.0429088,7395.96,75.0
11.709089279174805,0.0,0.2256335281821636,0.0,1,47.9116,-0.288334,0.0419973,7381.56,75.0
11.730646848678589,0.0,0.20307017536394723,0.0,1,47.8168,-0.290091,0.0415626,7367.21,75.0
11.751254796981812,0.0,0.1827631578275525,0.0,1,47.7226,-0.291886,0.0414418,7352.9,75.0
11.772510528564453,0.0,0.16448684204479724,0.0,1,47.6288,-0.293695,0.0413834,7338.76,75.0
11.794442415237427,0.088939716,0.1480381578403175,0.0,1,47.5356,-0.29551,0.0413374,7324.7,75.0
11.815695762634277,0.1601501688,0.13323434205628576,0.0,1,47.55,-0.297325,0.0413138,7398.97,75.0
11.836821556091309,0.21711130703999998,0.11991090785065718,0.0,1,47.6895,-0.299145,0.0413116,7488.23,75.0
11.858724594116211,0.26259664963199997,0.10791981706559146,0.0,1,47.8593,-0.300971,0.0413114,7512.69,75.0
11.880346298217773,0.2988830557056,0.09712783535903231,0.0,1,48.1174,-0.302809,0.0413112,7619.7,75.0
11.901855707168579,0.23910644456448,0.08741505182312909,0.0,1,48.4822,-0.304657,0.0413111,7748.81,75.0
11.924223184585571,0.191285155651584,0.07867354664081617,0.0,1,48.8441,-0.306518,0.041311,7766.47,75.0
11.944946050643921,0.15302812452126718,0.07080619197673456,0.0,1,49.1565,-0.308395,0.041311,7786.15,75.0
11.966341733932495,0.12242249961701375,0.0637255727790611,0.0,1,49.4253,-0.310282,0.0413111,7805.3,75.0
11.987433671951294,0.097937999693611,0.05735301550115499,0.0,1,49.6553,-0.312178,0.0413113,7823.02,75.0
12.008069515228271,0.0783503997548888,0.15161771395103948,0.0,1,49.851,-0.314082,0.0413114,7835.95,75.0
12.029531002044678,0.06268031980391105,0.23645594255593555,0.0,1,50.0163,-0.315995,0.0413116,7845.88,75.0
12.04994797706604,0.050144255843128836,0.312810348300342,0.0,1,50.153,-0.317911,0.0413117,7851.73,75.0
12.07135558128357,0.04011540467450307,0.38152931347030783,0.0,1,50.258,-0.319702,0.0401361,7856.23,75.0
12.092331409454346,0.032092323739602455,0.44337638212327707,0.0,1,50.3294,-0.321163,0.0369211,7858.09,75.0
12.114803314208984,0.025673858991681963,0.39903874391094935,0.0,1,50.373,-0.322162,0.0319178,7857.29,75.0
12.135709047317505,0.02053908719334557,0.3591348695198544,0.0,1,50.3961,-0.322657,0.0252437,7847.53,75.0
12.156824588775635,0.0,0.323221382567869,0.0,1,50.4002,-0.322601,0.0169282,7838.33,75.0
12.177997827529907,0.0,0.29089924431108205,0.0,1,50.4161,-0.322081,0.00831988,7831.24,75.0
12.200193405151367,0.0,0.26180931987997386,0.0,1,50.4273,-0.321191,0.000155434,7832.84,75.0
12.221664667129517,0.0,0.23562838789197646,0.0,1,50.4393,-0.320012,-0.00716405,7827.53,75.0
12.24246096611023,0.0,0.2120655491027788,0.0,1,50.4405,-0.318647,-0.0131884,7820.95,75.0
12.263626098632812,0.0,0.1908589941925009,0.0,1,50.4297,-0.317176,-0.0180345,7813.56,75.0
12.28476071357727,0.0,0.1717730947732508,0.0,1,50.4071,-0.315627,-0.021927,7804.47,75.0
12.30653190612793,0.0,0.15459578529592574,0.0,1,50.5222,-0.314022,-0.0248806,7901.25,75.0
12.327371835708618,0.0,0.13913620676633318,0.0,1,50.7318,-0.31238,-0.0270794,8009.81,75.0
12.349589109420776,0.0,0.12522258608969986,0.0,1,51.06,-0.310711,-0.028837,8141.43,75.0
12.370010375976562,0.0,0.21270032748072987,0.0,1,51.4972,-0.30902,-0.0302702,8299.83,75.0
12.391165733337402,0.0,0.2914302947326569,0.0,1,52.0343,-0.307306,-0.0314535,8489.37,75.0
12.412309646606445,0.0,0.36228726525939126,0.0,1,52.5806,-0.305566,-0.032433,8492.32,75.0
12.434003114700317,0.0,0.4260585387334521,0.0,1,53.0537,-0.303808,-0.0332232,8501.56,75.0
12.45540189743042,0.0,0.4834526848601069,0.0,1,53.4582,-0.302058,-0.0336001,8522.46,75.0
12.47640323638916,0.0,0.5351074163740962,0.0,1,53.8049,-0.30033,-0.0336902,8546.81,75.0
12.4983971118927,0.0,0.48159667473668655,0.0,1,54.1031,-0.298616,-0.0337133,8565.64,75.0
12.520469188690186,0.0,0.43343700726301787,0.0,1,54.3891,-0.296902,-0.0337195,8614.13,75.0
12.541091203689575,0.0,0.3900933065367161,0.0,1,54.6449,-0.295189,-0.0337211,8625.71,75.0
12.563096761703491,0.0,0.35108397588304446,0.0,1,54.8593,-0.293473,-0.0337218,8633.75,75.0
12.584714651107788,0.0,0.31597557829474,0.0,1,55.0368,-0.291753,-0.0337222,8639.67,75.0
12.60487151145935,0.0,0.284378020465266,0.0,1,55.1813,-0.290028,-0.0337225,8642.94,75.0
12.626600742340088,0.0,0.2559402184187394,0.0,1,55.2962,-0.288302,-0.0337226,8643.84,75.0
12.648236989974976,0.0,0.23034619657686545,0.0,1,55.3838,-0.286574,-0.0337228,8641.57,75.0
12.669241189956665,0.0,0.2073115769191789,0.0,1,55.447,-0.284845,-0.0337229,8637.58,75.0
12.690458536148071,0.0,0.186580419227261,0.0,1,55.6152,-0.283109,-0.033723,8756.04,75.0
12.712068796157837,0.0,0.26792237730453494,0.0,1,55.9165,-0.281367,-0.033723,8899.71,75.0
12.733393669128418,0.0,0.34113013957408145,0.0,1,56.3407,-0.279615,-0.033723,9076.25,75.0
12.754646301269531,0.0,0.4070171256166733,0.0,1,56.8783,-0.277841,-0.0337229,9293.54,75.0
12.775216579437256,0.0,0.466315413055006,0.0,1,57.518,-0.276055,-0.0337227,9557.73,75.0
12.797826766967773,0.0,0.5196838717495054,0.0,1,58.2407,-0.27425,-0.0337224,9861.7,75.0
12.81868600845337,0.0,0.5677154845745548,0.0,1,58.99,-0.272416,-0.033722,9857.0,75.0
12.84083342552185,0.0,0.6109439361170993,0.0,1,59.6818,-0.270562,-0.0337217,9766.3,75.0
12.862635374069214,0.0,0.6498495425053894,0.0,1,60.2623,-0.268684,-0.0337217,9731.73,75.0
12.882877826690674,0.0,0.6848645882548504,0.0,1,60.7845,-0.266793,-0.0337218,9822.38,75.0
12.955504894256592,0.0,0.7163781294293654,0.0,1,61.2622,-0.264885,-0.033722,9833.0,75.0
12.976165294647217,0.0,0.7447403164864289,0.0,1,61.6701,-0.262963,-0.0337219,9840.75,75.0
12.99870777130127,0.0,0.770266284837786,0.0,1,62.0138,-0.26103,-0.033722,9846.52,75.0
13.01951551437378,0.0,0.7932396563540074,0.0,1,62.3008,-0.259085,-0.0337222,9851.98,75.0
13.040589332580566,0.0,0.8139156907186067,0.0,1,62.5366,-0.257133,-0.0337223,9853.78,75.0
13.061818361282349,0.0,0.832524121646746,0.0,1,62.7267,-0.255178,-0.0337224,9853.53,75.0
13.082775592803955,0.0,0.8492717094820714,0.0,1,62.8771,-0.253214,-0.0337225,9851.7,75.0
13.103803157806396,0.0,0.8643445385338643,0.0,1,63.1223,-0.251248,-0.0337225,9999.52,75.0
13.125931978225708,0.0,0.8779100846804778,0.0,1,63.4984,-0.24927,-0.0337225,10174.6,75.0
13.146670579910278,0.0,0.89011907621243,0.0,1,63.9895,-0.247278,-0.0337224,10380.9,75.0
13.167858123779297,0.0,0.901107168591187,0.0,1,64.5814,-0.245269,-0.0337222,10618.9,75.0
13.189529418945312,0.0,0.9109964517320683,0.0,1,65.2599,-0.243241,-0.033722,10897.9,75.0
13.210054159164429,0.0,0.9198968065588615,0.0,1,66.0099,-0.241187,-0.0337216,11223.8,75.0
13.231335639953613,0.0,0.9279071259029754,0.0,1,66.8159,-0.239113,-0.0337209,11608.4,75.0
13.2524995803833,0.0,0.9351164133126779,0.0,1,67.6566,-0.237009,-0.0337201,11899.4,75.0
13.273653507232666,0.0,0.9416047719814101,0.0,1,68.5176,-0.234877,-0.0337189,12317.3,75.0
13.296103239059448,0.0,0.9474442947832691,0.0,1,69.3958,-0.232723,-0.0337174,12845.9,75.0
13.316487312316895,0.0,0.9526998653049422,0.0,1,70.2844,-0.23054,-0.0337153,13347.0,75.0
13.338045835494995,0.0,0.957429878774448,0.0,1,71.1785,-0.228327,-0.0337126,13838.4,75.0
13.360160827636719,0.0,0.9616868908970032,0.0,1,72.0776,-0.226089,-0.0337093,14477.8,75.0
13.381762742996216,0.0,0.9655182018073029,0.0,1,72.9825,-0.223823,-0.0337051,15255.0,75.0
13.402194738388062,0.0,0.9689663816265726,0.0,1,73.8943,-0.221528,-0.0337001,16156.4,75.0
13.42343807220459,0.0,0.9720697434639153,0.0,1,74.8137,-0.219202,-0.0336939,17175.6,75.0
13.444815158843994,0.0,0.9748627691175238,0.0,1,75.7416,-0.216848,-0.0336865,18274.6,75.0
13.466255903244019,0.0,0.9773764922057714,0.0,1,76.6787,-0.214466,-0.0336778,19304.6,75.0
13.487711429595947,0.0,0.9796388429851942,0.0,1,77.6236,-0.212056,-0.0336675,19136.4,75.0
13.509136438369751,0.0,0.9816749586866748,0.0,1,78.5712,-0.209614,-0.0336555,19253.0,75.0
13.53028392791748,0.0,0.9835074628180073,0.0,1,79.5206,-0.207144,-0.0336417,19518.0,75.0
13.551562547683716,0.0,0.9851567165362065,0.0,1,80.4713,-0.204643,-0.0336259,19241.7,75.0
13.572875738143921,0.0,0.9866410448825859,0.0,1,81.4224,-0.202114,-0.0336082,19104.1,75.0
13.59437084197998,0.0,0.9879769403943273,0.0,1,82.3739,-0.199558,-0.0335883,19026.1,75.0
13.615113258361816,0.0,0.9891792463548945,0.0,1,83.3261,-0.19697,-0.0335661,19510.6,75.0
13.63646388053894,0.0,0.9902613217194051,0.0,1,84.2795,-0.194356,-0.0335412,19488.9,75.0
13.657795667648315,0.0,0.9912351895474646,0.0,1,85.2341,-0.191709,-0.0335137,19490.5,75.0
13.680853605270386,0.0,0.9921116705927181,0.0,1,86.1904,-0.189035,-0.0334833,19506.6,75.0
13.702360391616821,0.0,0.9929005035334463,0.0,1,87.1488,-0.186333,-0.0334499,18980.9,75.0
13.723073959350586,0.0,0.9936104531801017,0.0,1,88.1093,-0.183603,-0.0334132,19023.9,75.0
13.743949890136719,0.0,0.9942494078620915,0.0,1,89.0724,-0.180843,-0.033373,19068.8,75.0
13.765248537063599,0.0,0.9948244670758823,0.0,1,90.0375,-0.178056,-0.0333293,19126.0,75.0
13.786267042160034,0.0,0.9953420203682941,0.0,1,91.0047,-0.175239,-0.0332819,19201.5,75.0
13.807720184326172,0.0,0.9958078183314647,0.0,1,91.9744,-0.172397,-0.0332307,19310.9,75.0
13.82950496673584,0.0,0.9962270364983182,0.0,1,92.9461,-0.169524,-0.0331755,19523.1,75.0
13.850218057632446,0.0,0.9966043328484864,0.0,1,93.9199,-0.166626,-0.0331162,19008.0,75.0
13.871643543243408,0.0,0.9969438995636377,0.0,1,94.8948,-0.163703,-0.0330528,19088.4,75.0
13.893218755722046,0.0,0.8972495096072739,0.0,1,95.8711,-0.160749,-0.0329853,19178.4,75.0
13.913980960845947,0.0,0.9075245586465465,0.0,1,96.8488,-0.157772,-0.0329137,19296.5,75.0
13.936489582061768,0.0,0.9167721027818918,0.0,1,97.8281,-0.154766,-0.032838,18944.1,75.0
13.95700216293335,0.0,0.9250948925037026,0.0,1,98.8086,-0.151736,-0.0327586,19028.3,75.0
13.979105472564697,0.0,0.9325854032533323,0.0,1,99.7904,-0.148682,-0.0326757,19112.6,75.0
14.001025915145874,0.0,0.939326862927999,0.0,1,100.773,-0.145604,-0.0325894,19200.7,75.0
14.02192497253418,0.0,0.9453941766351992,0.0,1,101.756,-0.1425,-0.0325001,19485.1,75.0
14.042972803115845,0.0,0.9508547589716793,0.0,1,102.741,-0.139373,-0.0324085,18972.1,75.0
14.064849138259888,0.0,0.9557692830745114,0.0,1,103.726,-0.136223,-0.0323151,19048.8,75.0
14.08545970916748,0.0,0.9601923547670602,0.0,1,104.711,-0.133049,-0.0322208,19127.4,75.0
14.106295824050903,0.0,0.9641731192903542,0.0,1,105.692,-0.129854,-0.0321265,19271.9,75.0
14.127509593963623,0.0,0.9677558073613188,0.0,1,106.674,-0.12664,-0.0320333,19515.6,75.0
14.149170160293579,0.0,0.9709802266251869,0.0,1,107.656,-0.123404,-0.031942,18999.6,75.0
14.169397592544556,0.0,0.9738822039626682,0.0,1,108.631,-0.120149,-0.0318541,19103.8,75.0
14.190674781799316,0.0,0.9764939835664014,0.0,1,109.598,-0.116876,-0.0317705,19279.7,75.0
14.211985349655151,0.0,0.9788445852097613,0.0,1,110.561,-0.113581,-0.0316919,18962.0,75.0
14.232946395874023,0.0,0.9809601266887851,0.0,1,111.517,-0.110268,-0.0316198,19091.6,75.0
14.253743648529053,0.0,0.9828641140199066,0.0,1,112.457,-0.106935,-0.0315547,19320.7,75.0
14.275765657424927,0.0,0.9845777026179159,0.0,1,113.393,-0.103586,-0.0314967,19047.8,75.0
14.297728061676025,0.0,0.9861199323561243,0.0,1,114.292,-0.100217,-0.031448,19530.7,75.0
14.318285703659058,0.0,0.9875079391205118,0.0,1,115.202,-0.0968316,-0.0314072,19145.9,75.0
14.34052562713623,0.0,0.9887571452084607,0.0,1,116.073,-0.0934285,-0.0313737,19072.6,75.0
14.360746383666992,0.0,0.9898814306876146,0.0,1,116.919,-0.0900076,-0.0313486,19134.0,75.0
14.381966590881348,0.0,0.9908932876188531,0.0,1,117.717,-0.0865729,-0.0313309,19353.1,75.0
14.403433084487915,0.0,0.9918039588569678,0.0,1,118.513,-0.0831204,-0.0313184,19155.9,75.0
14.425029039382935,0.0,0.9926235629712711,0.0,1,119.24,-0.0796496,-0.0313106,19179.3,75.0
14.445733308792114,0.0,0.993361206674144,0.0,1,119.941,-0.076164,-0.0313064,19272.4,75.0
14.467851161956787,0.0,0.9940250860067296,0.0,1,120.634,-0.0726628,-0.031304,19379.8,75.0
14.48921012878418,0.0,0.9946225774060566,0.0,1,121.322,-0.0691439,-0.0313025,19479.1,75.0
14.509868860244751,0.0,0.9951603196654509,0.0,1,122.007,-0.0656063,-0.0313016,19583.1,75.0
14.531100273132324,0.0,0.9956442876989058,0.0,1,122.58,-0.0620494,-0.0313014,19577.4,75.0
14.552038431167603,0.0,0.9960798589290152,0.0,1,123.131,-0.0584822,-0.0313018,19619.5,75.0
14.573302984237671,0.0,0.9964718730361136,0.0,1,123.588,-0.0549012,-0.0313025,19524.4,75.0
14.59549617767334,0.0,0.9968246857325023,0.0,1,124.036,-0.0513072,-0.0313033,19492.5,75.0
14.615950345993042,0.0,0.997142217159252,0.0,1,124.358,-0.0477049,-0.031304,19597.2,75.0
14.636827230453491,0.0,0.9974279954433268,0.0,1,124.665,-0.0440923,-0.0313048,19501.7,75.0
14.657972812652588,0.0,0.9976851958989942,0.0,1,124.947,-0.0404697,-0.0313055,19687.8,75.0
14.679257154464722,0.0,0.9979166763090948,0.0,1,125.252,-0.0368416,-0.0313061,19595.8,75.0
14.700480699539185,0.0,0.9981250086781853,0.0,1,125.473,-0.0332045,-0.0313065,19608.2,75.0
14.722247123718262,0.0,0.9983125078103667,0.0,1,125.651,-0.0295606,-0.031307,19777.7,75.0
14.743918418884277,0.0,0.9984812570293301,0.0,1,125.797,-0.0259145,-0.0313074,20126.2,75.0
14.765167236328125,0.0,0.9986331313263971,0.0,1,125.975,-0.0222644,-0.0313077,19651.3,75.0
14.78586196899414,0.0,0.9987698181937574,0.0,1,126.064,-0.0186102,-0.031308,20141.5,75.0
14.807144403457642,0.0,0.9988928363743816,0.0,1,126.172,-0.0149527,-0.0313083,19840.7,75.0
14.828189849853516,0.0,0.9990035527369435,0.0,1,126.28,-0.0113002,-0.0313086,19690.1,75.0
14.849560499191284,0.0,0.9991031974632492,0.0,1,126.345,-0.00763369,-0.0313089,19638.3,75.0
14.870838403701782,0.0,0.9991928777169242,0.0,1,126.39,-0.00397325,-0.0313092,19644.4,75.0
14.891766786575317,0.0,0.9992735899452319,0.0,1,126.435,-0.000309706,-0.0313095,19650.3,75.0
14.9130117893219,0.0,0.9993462309507086,0.0,1,126.46,0.00335542,-0.0313098,19713.4,75.0
14.934189081192017,0.0,0.9994116078556378,0.0,1,126.444,0.00701793,-0.0313101,19873.1,75.0
14.955321550369263,0.0,0.9994704470700739,0.0,1,126.436,0.0106832,-0.0313104,20169.1,75.0
14.976967096328735,0.0,0.9995234023630666,0.0,1,126.478,0.0143511,-0.0313107,19589.7,75.0
14.998488426208496,0.0,0.99957106212676,0.0,1,126.511,0.0180214,-0.031311,19621.4,75.0
15.01924991607666,0.0,0.999613955914084,0.0,1,126.516,0.0216904,-0.0313113,19723.0,75.0
15.041820049285889,0.0,0.9996525603226756,0.0,1,126.463,0.0253633,-0.0313116,19823.9,75.0
15.062150955200195,0.0,0.999687304290408,0.0,1,126.491,0.0290399,-0.0313119,19587.0,75.0
15.147174596786499,0.0,0.9997185738613672,0.0,1,126.528,0.032707,-0.0313122,19613.6,75.0
15.167916059494019,0.0,0.9997467164752305,0.0,1,126.528,0.0363797,-0.0313125,19724.5,75.0
15.189138174057007,0.0,0.9997720448277074,0.0,1,126.459,0.0400496,-0.0313128,20172.3,75.0
15.211338758468628,0.0,0.9997948403449367,0.0,1,126.501,0.0437261,-0.0313131,19592.8,75.0
15.231459856033325,0.0,0.999815356310443,0.0,1,126.535,0.0473917,-0.0313134,19624.4,75.0
15.253085136413574,0.0,0.9998338206793987,0.0,1,126.514,0.0510645,-0.0313137,19738.5,75.0
15.273468971252441,0.0,0.9998504386114588,0.0,1,126.471,0.0547369,-0.031314,19579.0,75.0
15.294971942901611,0.0,0.999865394750313,0.0,1,126.511,0.0584133,-0.0313143,19600.5,75.0
15.316161394119263,0.0,0.9998788552752818,0.0,1,126.538,0.062082,-0.0313146,19650.6,75.0
15.338545322418213,0.0,0.9998909697477536,0.0,1,126.491,0.0657527,-0.0313148,19881.2,75.0
15.359648942947388,0.0,0.9999018727729783,0.0,1,126.483,0.0694262,-0.0313151,19583.0,75.0
15.38083553314209,0.0,0.9999116854956804,0.0,1,126.52,0.0731018,-0.0313154,19612.5,75.0
15.401880025863647,0.0,0.9999205169461124,0.0,1,126.538,0.0767725,-0.0313157,19667.6,75.0
15.422964334487915,0.0,0.9999284652515011,0.0,1,126.467,0.0804423,-0.031316,19823.9,75.0
15.444251537322998,0.0,0.9999356187263511,0.0,1,126.495,0.0841158,-0.0313163,19587.1,75.0
15.465441703796387,0.0,0.999942056853716,0.0,1,126.527,0.0877899,-0.0313165,19622.9,75.0
15.486559867858887,0.0,0.9999478511683444,0.0,1,126.532,0.0914605,-0.0313168,19725.3,75.0
15.507320404052734,0.0,0.9999530660515099,0.0,1,126.463,0.0951295,-0.0313171,20174.6,75.0
15.528432369232178,0.0,0.9999577594463589,0.0,1,126.505,0.098803,-0.0313174,19594.1,75.0
15.5494863986969,0.0,0.999961983501723,0.0,1,126.53,0.102476,-0.0313177,19649.5,75.0
15.5707848072052,0.0,0.9999657851515508,0.0,1,126.519,0.106149,-0.031318,19740.8,75.0
15.5918607711792,0.0,0.9999692066363957,0.0,1,126.476,0.109817,-0.0313183,19579.8,75.0
15.613300561904907,0.0,0.9999722859727561,0.0,1,126.516,0.113489,-0.0313186,19601.2,75.0
15.634185314178467,0.0,0.9999750573754805,0.0,1,126.531,0.117164,-0.0313189,19666.4,75.0
15.65563702583313,0.0,0.9999775516379324,0.0,1,126.496,0.120837,-0.0313192,19883.0,75.0
15.676879644393921,0.0,0.9999797964741393,0.0,1,126.488,0.124506,-0.0313195,19583.5,75.0
15.697768211364746,0.0,0.9999818168267254,0.0,1,126.525,0.128175,-0.0313197,19612.1,75.0
15.719557523727417,0.0,0.9999836351440529,0.0,1,126.525,0.131848,-0.03132,19723.7,75.0
15.740823030471802,0.0,0.9999852716296476,0.0,1,126.471,0.135523,-0.0313203,19826.3,75.0
15.761507511138916,0.0,0.9999867444666828,0.0,1,126.499,0.139193,-0.0313206,19588.4,75.0
15.782689571380615,0.0,0.9999880700200146,0.0,1,126.531,0.142863,-0.0313209,19624.9,75.0
15.803980827331543,0.0,0.999989263018013,0.0,1,126.511,0.146535,-0.0313212,19739.3,75.0
15.824911117553711,0.0,0.9999903367162117,0.0,2,126.468,0.150212,-0.0313215,19578.6,75.0
15.845728874206543,0.0,0.9999913030445906,0.0,2,126.508,0.153888,-0.0313217,19600.1,75.0
15.867056369781494,0.0,0.9999921727401315,0.0,2,126.535,0.157554,-0.031322,19650.1,75.0
15.88815450668335,0.0,0.9999929554661183,0.0,2,126.488,0.161227,-0.0313223,19881.2,75.0
15.909437894821167,0.0,0.9999936599195065,0.0,2,126.48,0.164905,-0.0313226,19582.2,75.0
15.930435419082642,0.0,0.9999942939275559,0.0,2,126.52,0.168573,-0.0313229,19600.8,75.0
15.951598167419434,0.0,0.9999948645348004,0.0,2,126.535,0.172243,-0.0313232,19665.4,75.0
15.97238278388977,0.0,0.9999953780813203,0.0,2,126.463,0.175915,-0.0313235,19823.9,75.0
15.993844032287598,0.0,0.9999958402731883,0.0,2,126.49,0.179593,-0.0313238,19586.9,75.0
16.015305757522583,0.0,0.9999962562458695,0.0,2,126.528,0.183262,-0.0313241,19613.9,75.0
16.0357084274292,0.0,0.9999966306212825,0.0,2,126.527,0.186935,-0.0313244,19725.7,75.0
16.056964635849,0.0,0.9999969675591542,0.0,2,126.459,0.190606,-0.0313247,20174.8,75.0
16.079238176345825,0.0,0.9999972708032389,0.0,2,126.5,0.194284,-0.0313249,19593.4,75.0
16.099876403808594,0.0,0.9999975437229149,0.0,2,126.534,0.197954,-0.0313252,19625.2,75.0
16.120914459228516,0.0,0.9999977893506234,0.0,2,126.513,0.201627,-0.0313255,19738.9,75.0
16.142483949661255,0.0,0.9999980104155611,0.0,2,126.47,0.205299,-0.0313258,19578.7,75.0
16.16327166557312,0.0,0.999998209374005,0.0,2,126.51,0.208975,-0.0313261,19599.1,75.0
16.18474507331848,0.0,0.9999983884366045,0.0,2,126.537,0.212645,-0.0313264,19648.4,75.0
16.20583987236023,0.0,0.999998549592944,0.0,2,126.489,0.216316,-0.0313267,19880.7,75.0
16.227972984313965,0.0,0.9999986946336495,0.0,2,126.48,0.219994,-0.031327,19582.5,75.0
16.249157905578613,0.0,0.9999988251702846,0.0,2,126.52,0.223662,-0.0313273,19601.9,75.0
16.270324230194092,0.0,0.9999989426532562,0.0,2,126.534,0.227334,-0.0313276,19667.5,75.0
16.291440725326538,0.0,0.9999990483879305,0.0,2,126.463,0.231006,-0.0313279,19824.3,75.0
16.31253433227539,0.0,0.9999991435491374,0.0,2,126.49,0.234683,-0.0313282,19587.1,75.0
16.33387327194214,0.0,0.9999992291942237,0.0,2,126.527,0.238352,-0.0313285,19613.8,75.0
16.35558533668518,0.04596350999999999,0.9999993062748013,0.0,2,126.526,0.242025,-0.0313288,19725.0,75.0
16.376494646072388,0.08273493599999998,0.9999993756473211,0.0,2,126.457,0.245696,-0.0313291,20174.6,75.0
16.397847890853882,0.11219349479999999,0.999999438082589,0.0,2,126.499,0.249373,-0.0313295,19592.3,75.0
16.420335054397583,0.13573516583999998,0.9999994942743301,0.0,2,126.533,0.253041,-0.0313296,19623.0,75.0
16.442222118377686,0.15454810867199997,0.9999995448468971,0.0,2,126.511,0.256714,-0.0313299,19737.1,75.0
16.463451147079468,0.16961168093759998,0.9999995903622074,0.0,2,126.467,0.260391,-0.0313302,20177.1,75.0
16.48416543006897,0.18168895675007998,0.9999996313259867,0.0,2,126.497,0.264064,-0.0313305,14718.1,75.0
16.505269527435303,0.19133279540006398,0.999999668193388,0.0,2,126.373,0.267732,-0.0313308,14695.2,75.0
16.526361227035522,0.1991222843200512,0.9999997013740493,0.0,2,126.229,0.271395,-0.0313344,14462.6,75.0
16.54771137237549,0.20544049145604096,0.9999997312366443,0.0,2,126.717,0.275063,-0.0313579,15956.6,75.0
16.569104433059692,0.21020366716483277,0.9999997581129799,0.0,2,127.62,0.278755,-0.0313705,16673.4,75.0
16.590335607528687,0.21347316373186623,0.999999782301682,0.0,2,128.63,0.282477,-0.0313783,17210.6,75.0
16.612503051757812,0.215483228985493,0.9999998040715138,0.0,2,129.715,0.286225,-0.0313838,17615.1,75.0
16.63410782814026,0.2164406111883944,0.9999998236643624,0.0,2,130.852,0.289998,-0.031389,17922.7,75.0
16.655245065689087,0.2165246289507155,0.9999998412979261,0.0,2,132.021,0.293815,-0.0313942,18170.9,75.0
16.675905227661133,0.2158907551605724,0.9999998571681334,0.0,2,133.191,0.297673,-0.0313983,18411.5,75.0
16.698188066482544,0.21468190212845792,0.9999998714513201,0.0,2,134.349,0.301559,-0.0314017,18670.0,75.0
16.71906542778015,0.21302022370276635,0.999999884306188,0.0,2,135.483,0.30547,-0.0314047,18959.6,75.0
16.74086022377014,0.21101066096221308,0.9999998958755693,0.0,2,136.605,0.309419,-0.0314075,19222.4,75.0
16.762146949768066,0.20872997876977045,0.9999999062880123,0.0,2,137.725,0.313412,-0.0314102,19436.4,75.0
16.78240656852722,0.20623359501581637,0.9999999156592111,0.0,2,138.847,0.317444,-0.031412,19234.0,75.0
16.804027318954468,0.20356339601265308,0.99999992409329,0.0,2,139.98,0.321503,-0.0314173,19516.9,75.0
16.82445764541626,0.20074775481012247,0.999999931683961,0.0,2,141.126,0.325305,-0.025026,19415.5,75.0
16.84574246406555,0.19742416384809797,0.9999999385155649,0.0,2,142.281,0.327965,-0.0157502,19508.5,75.0
16.867663145065308,0.19351574307847835,0.9999999446640084,0.0,2,143.549,0.329418,-0.00642048,19407.5,75.0
16.888132095336914,0.18906842326278267,0.9999999501976076,0.0,2,144.834,0.329628,0.00299858,19289.4,75.0
16.910597562789917,0.18417442381022614,0.9999999551778468,0.0,2,146.101,0.32856,0.0124967,19224.8,75.0
16.931201934814453,0.17892913704818092,0.9999999596600622,0.0,2,147.322,0.32618,0.0220616,19242.7,75.0
16.95185899734497,0.14314330963854474,0.999999963694056,0.0,2,148.535,0.322464,0.0316833,19255.5,75.0
16.97342085838318,0.0817346497108358,0.9999999673246504,0.0,2,149.817,0.317373,0.0413814,19161.2,75.0
16.993916034698486,0.032795035768668636,0.9999999705921854,0.0,2,151.036,0.310874,0.0511476,19178.9,75.0
17.015129327774048,0.0,0.9999999735329669,0.0,2,152.179,0.302949,0.0609696,19310.9,75.0
17.0356125831604,-0.033658176000000005,0.9999999761796702,0.0,2,153.275,0.293667,0.069747,19487.7,75.0
17.05669856071472,-0.0611113608,0.9999999785617032,0.0,2,154.433,0.28318,0.0761703,19518.3,75.0
17.07811975479126,-0.08345930664,0.9999999807055329,0.0,2,155.543,0.271619,0.0799247,19242.8,75.0
17.09916114807129,-0.10156292731199999,0.9999999826349796,0.0,2,156.549,0.259132,0.0812325,19264.8,75.0
17.119910717010498,-0.11612429184959999,0.9999999843714816,0.0,2,157.458,0.24585,0.0808214,19557.6,75.0
17.141114950180054,-0.09289943347968,0.9999999859343335,0.0,2,158.298,0.231913,0.0793164,19589.5,75.0
17.162670135498047,-0.074319546783744,0.9999999873409001,0.0,2,159.063,0.217481,0.0771476,19577.0,75.0
17.183540105819702,-0.0594556374269952,0.99999998860681,0.0,2,159.739,0.202651,0.0747437,19621.1,75.0
17.20469856262207,-0.04756450994159616,0.999999989746129,0.0,2,160.33,0.187538,0.072326,19588.4,75.0
17.225987672805786,-0.03805160795327693,0.9999999907715161,0.0,2,160.835,0.172212,0.0699902,19664.9,75.0
17.24727988243103,0.0,0.9999999916943645,0.0,2,161.255,0.156728,0.0676183,19664.8,75.0
17.33261728286743,0.025942902000000004,0.999999992524928,0.0,2,161.655,0.141109,0.065975,19694.8,75.0
17.354785680770874,0.04679582160000001,0.9999999932724352,0.0,2,162.048,0.125384,0.0651172,19724.3,75.0
17.37607192993164,0.06352962528,0.9999999939451917,0.0,2,162.416,0.109576,0.064766,19786.1,75.0
17.39669132232666,0.076937740224,0.9999999945506726,0.0,2,162.749,0.0936648,0.0640223,19877.6,75.0
17.418039798736572,0.0877088541792,0.9999999950956053,0.0,2,163.13,0.0775859,0.0637149,19901.0,75.0
17.439443349838257,0.09634418934336,0.9999999955860448,0.0,2,163.52,0.0613378,0.0643432,19908.4,75.0
17.4600031375885,0.103214759474688,0.9999999960274403,0.0,2,163.906,0.0449677,0.06574,19925.2,75.0
17.480900287628174,0.1086274075797504,0.9999999964246963,0.0,2,164.145,0.0284475,0.0667411,19939.7,75.0
17.50202488899231,0.11289746006380032,0.9999999967822266,0.0,2,164.427,0.011706,0.068158,19925.9,75.0
17.523392915725708,0.11622848805104025,0.999999997104004,0.0,2,164.718,-0.00525665,0.0707968,19905.2,75.0
17.54460120201111,0.11873498244083219,0.9999999973936036,0.0,2,165.026,-0.0224024,0.0742053,19849.0,75.0
17.56583309173584,0.12053566795266575,0.9999999976542432,0.0,2,165.194,-0.0397466,0.0768628,19638.3,75.0
17.587001085281372,0.1218167663621326,0.9999999978888189,0.0,2,165.396,-0.057415,0.0790639,19933.7,75.0
17.60874629020691,0.12270957908970608,0.999999998099937,0.0,2,165.65,-0.0754178,0.0823072,19630.6,75.0
17.629292964935303,0.12322923127176486,0.9999999982899433,0.0,2,165.911,-0.0937055,0.0861963,19818.5,75.0
17.650781869888306,0.12341160701741188,0.999999998460949,0.0,2,166.022,-0.112267,0.0892809,19870.6,75.0
17.672043323516846,0.12337243161392951,0.9999999986148541,0.0,2,166.172,-0.131222,0.0912662,19907.6,75.0
17.69298028945923,0.12322197329114361,0.9999999987533688,0.0,2,166.369,-0.150632,0.0943712,19881.3,75.0
17.71396565437317,0.12291530663291489,0.9999999988780319,0.0,2,166.608,-0.170427,0.0983772,19643.0,75.0
17.734912872314453,0.12242961330633191,0.9999999989902287,0.0,2,166.715,-0.190582,0.102057,19658.5,75.0
17.756176471710205,0.12182027064506552,0.9999999990912058,0.0,2,166.847,-0.213353,0.104863,19930.5,75.0
17.777092933654785,0.12116443651605242,0.9999999991820853,0.0,2,167.039,-0.236775,0.107136,19500.1,75.0
17.799316883087158,0.12050338921284194,0.9999999992638767,0.0,2,167.275,-0.259602,0.103365,19857.0,75.0
17.820563554763794,0.12020081137027355,0.9999999993374891,0.0,2,167.51,-0.281425,0.102837,19571.8,75.0
17.841551065444946,0.11999042909621885,0.9999999994037402,0.0,2,167.796,-0.302619,0.105539,19823.2,75.0
17.862990617752075,0.11966000327697508,0.9999999994633662,0.0,2,168.07,-0.323522,0.111419,19494.5,75.0
17.884655952453613,0.11904286262158006,0.9999999995170296,0.0,2,168.288,-0.344576,0.119832,19613.8,75.0
17.90581750869751,0.11804437009726405,0.9999999995653266,0.0,2,168.456,-0.366221,0.12991,19611.8,75.0
17.926494598388672,0.11664089607781124,0.9999999996087939,0.0,2,168.611,-0.388711,0.140025,19912.3,75.0
17.948176622390747,0.11491121686224899,0.9999999996479145,0.0,2,168.726,-0.412136,0.148854,19512.8,75.0
17.969309329986572,0.11299773348979919,0.999999999683123,0.0,2,168.779,-0.436518,0.156114,19614.8,75.0
17.98999333381653,0.11103134679183935,0.9999999997148107,0.0,2,168.842,-0.461837,0.161945,19617.7,75.0
18.01172161102295,0.10910837743347147,0.9999999997433296,0.0,2,168.93,-0.488049,0.166577,19864.7,75.0
18.03411602973938,0.10729208194677718,0.9999999997689967,0.0,2,169.04,-0.51498,0.169198,19567.4,75.0
18.05478072166443,0.08583366555742175,0.899999999792097,0.0,2,169.162,-0.542443,0.169998,19689.1,75.0
18.07577157020569,0.0686669324459374,0.8099999998128873,0.0,2,169.263,-0.570348,0.170046,19577.2,75.0
18.097091674804688,0.054933545956749916,0.7289999998315986,0.0,2,169.326,-0.598604,0.169829,19903.6,75.0
18.117892742156982,0.043946836765399934,0.6560999998484387,0.0,2,169.381,-0.626993,0.168657,19911.2,75.0
18.139435291290283,0.035157469412319946,0.5904899998635948,0.0,2,169.425,-0.655292,0.16574,19549.9,75.0
18.160937547683716,0.028125975529855955,0.5314409998772354,0.0,2,169.473,-0.683271,0.161035,19602.4,75.0
18.18212056159973,0.022500780423884766,0.47829689988951185,0.0,2,169.521,-0.710718,0.154802,19630.3,75.0
18.20335602760315,0.0,0.43046720990056064,0.0,2,169.56,-0.737437,0.147363,19759.7,75.0
18.224637985229492,0.0,0.38742048891050457,0.0,2,169.576,-0.76325,0.139037,19570.5,75.0
18.24630856513977,0.0,0.34867844001945414,0.0,2,169.599,-0.787998,0.130104,19657.8,75.0
18.26722526550293,0.0,0.3138105960175087,0.0,2,169.581,-0.81157,0.120727,20029.4,75.0
18.28938627243042,0.0,0.28242953641575785,0.0,2,169.588,-0.833858,0.110988,19667.6,75.0
18.309846878051758,0.0,0.25418658277418205,0.0,2,169.555,-0.854761,0.100965,19586.0,75.0
18.331231355667114,0.0,0.22876792449676384,0.0,2,169.494,-0.874211,0.0907705,19740.9,75.0
18.3525390625,0.0,0.20589113204708745,0.0,2,169.492,-0.892122,0.0803797,19650.8,75.0
18.373811960220337,0.0,0.1853020188423787,0.0,2,169.437,-0.908471,0.0699172,20038.9,75.0
18.39527153968811,0.0,0.16677181695814083,0.0,2,169.436,-0.923226,0.0594856,19651.9,75.0
18.417259693145752,0.0,0.15009463526232675,0.0,2,169.396,-0.936373,0.0495745,20024.8,75.0
18.437549591064453,0.0,0.23508517173609408,0.0,2,169.415,-0.947872,0.0400934,19639.1,75.0
18.4591383934021,0.0,0.3115766545624847,0.0,2,169.374,-0.957783,0.0310336,19733.8,75.0
18.480310440063477,0.0,0.3804189891062362,0.0,2,169.402,-0.96608,0.0220798,19566.4,75.0
18.501670360565186,0.0,0.4423770901956126,0.0,2,169.384,-0.972821,0.0129211,19674.1,75.0
18.5228910446167,0.0,0.4981393811760514,0.0,2,169.365,-0.977994,0.00392419,19738.8,75.0
18.5451717376709,0.0,0.44832544305844624,0.0,2,169.369,-0.981621,-0.00550961,19644.5,75.0
18.565694570541382,0.0,0.40349289875260164,0.0,2,169.355,-0.98369,-0.0144721,19773.5,75.0
18.58681607246399,0.0,0.3631436088773415,0.0,2,169.349,-0.984201,-0.023674,20012.3,75.0
18.607932329177856,-0.02857956,0.32682924798960733,0.0,2,169.34,-0.983157,-0.0328531,19654.3,75.0
18.629488468170166,-0.050892462,0.2941463231906466,0.0,2,169.306,-0.980543,-0.0421436,19744.5,75.0
18.651578903198242,-0.0681853536,0.26473169087158194,0.0,2,169.318,-0.976328,-0.0517632,19581.2,75.0
18.671778917312622,-0.08144249088,0.23825852178442375,0.0,2,169.344,-0.970486,-0.0610303,19646.2,75.0
18.693180561065674,-0.09149217470399999,0.21443266960598137,0.0,2,169.341,-0.963035,-0.0703492,19751.6,75.0
18.71424961090088,-0.0989727877632,0.19298940264538322,0.0,2,169.328,-0.954002,-0.0790287,20014.8,75.0
18.73592734336853,-0.10443650821056,0.1736904623808449,0.0,2,169.365,-0.94342,-0.0874649,19574.7,75.0
18.7573459148407,-0.108301312568448,0.1563214161427604,0.0,2,169.37,-0.93131,-0.0959846,19639.8,75.0
18.777936697006226,-0.1108819740547584,0.14068927452848437,0.0,2,169.336,-0.917715,-0.104625,19724.2,75.0
18.80040431022644,-0.08870557924380672,0.12662034707563594,0.0,2,169.348,-0.902602,-0.113553,19581.6,75.0
18.820858240127563,-0.07096446339504538,0.11395831236807234,0.0,2,169.341,-0.885926,-0.122818,19668.8,75.0
18.841904878616333,-0.0567715707160363,0.1025624811312651,0.0,2,169.314,-0.867719,-0.131617,19962.6,75.0
18.863096714019775,-0.04541725657282904,0.09230623301813859,0.0,2,169.33,-0.848061,-0.139075,19555.0,75.0
18.885376930236816,-0.03633380525826323,0.08307560971632473,0.0,2,169.327,-0.827026,-0.144695,19644.9,75.0
18.905762434005737,-0.05038534420661058,0.07476804874469226,0.0,2,169.337,-0.80474,-0.148973,19799.5,75.0
18.927489042282104,-0.06136989536528846,0.06729124387022303,0.0,2,169.328,-0.78142,-0.152604,19563.8,75.0
18.948412656784058,-0.06993967629223077,0.06056211948320073,0.0,2,169.28,-0.757194,-0.155615,19592.5,75.0
18.969593286514282,-0.07661484103378462,0.05450590753488065,0.0,2,169.233,-0.732197,-0.158059,19578.9,75.0
18.99063467979431,-0.0818083328270277,0.04905531678139259,0.0,2,169.225,-0.706591,-0.159365,19663.1,75.0
19.01281476020813,-0.08588476626162216,0.04414978510325333,0.0,2,169.18,-0.680552,-0.159621,19536.8,75.0
19.03423285484314,-0.08913055300929773,0.039734806592928,0.0,2,169.109,-0.654165,-0.159487,19591.8,75.0
19.05567717552185,-0.09173522240743819,0.0357613259336352,0.0,2,169.045,-0.627537,-0.159264,19562.6,75.0
19.07611894607544,-0.09383233792595055,0.03218519334027168,0.0,2,168.95,-0.600746,-0.159067,19511.7,75.0
19.09709906578064,-0.09552185034076044,0.02896667400624451,0.0,2,168.801,-0.573849,-0.158913,19459.0,75.0
19.119209051132202,-0.09688270027260835,0.026070006605620057,0.0,2,168.606,-0.546905,-0.158797,19405.0,75.0
19.140130519866943,-0.07750616021808668,0.02346300594505805,0.0,2,168.369,-0.519934,-0.158698,19348.6,75.0
19.161092281341553,-0.06200492817446934,0.021116705350552246,0.0,2,168.092,-0.492962,-0.158589,19290.1,75.0
19.182525634765625,-0.04960394253957547,0.01900503481549702,0.0,2,167.782,-0.466009,-0.158454,19231.2,75.0
19.20390033721924,-0.03968315403166038,0.01710453133394732,0.0,2,167.44,-0.439105,-0.158286,19170.2,75.0
19.224847555160522,0.0,0.015394078200552589,0.0,2,167.193,-0.412249,-0.158128,19250.8,75.0
19.24659037590027,0.03948768,0.01385467038049733,0.0,2,167.094,-0.385423,-0.158062,19337.7,75.0
19.26724624633789,0.071073864,0.012469203342447596,0.0,2,167.124,-0.358595,-0.15804,19427.7,75.0
19.28945231437683,0.0963414912,0.011222283008202837,0.0,2,167.27,-0.331786,-0.158034,19523.3,75.0
19.309732913970947,0.11655523296,0.010100054707382554,0.0,2,167.477,-0.304944,-0.158035,19555.2,75.0
19.331473350524902,0.132726286368,0.009090049236644299,0.0,2,167.657,-0.278081,-0.158037,19572.2,75.0
19.352586030960083,0.14566324909439998,0.00818104431297987,0.0,2,167.796,-0.251189,-0.15804,19531.0,75.0
19.375163316726685,0.15601299927551998,0.007362939881681883,0.0,2,167.857,-0.224275,-0.158042,19491.0,75.0
19.396355152130127,0.12481039942041598,0.006626645893513694,0.0,2,167.851,-0.197467,-0.157064,19444.8,75.0
19.41736340522766,0.09984831953633279,0.005963981304162325,0.0,2,167.781,-0.170947,-0.154241,19395.2,75.0
19.438059091567993,0.07987865562906624,0.005367583173746093,0.0,2,167.651,-0.144906,-0.149516,19343.8,75.0
19.530733585357666,0.063902924503253,0.10483082485637149,0.0,2,167.467,-0.119532,-0.142994,19288.6,75.0
19.55260443687439,0.051122339602602394,0.19434774237073435,0.0,2,167.232,-0.0949922,-0.135115,19230.6,75.0
19.57440733909607,0.040897871682081914,0.27491296813366095,0.0,2,166.951,-0.0714671,-0.126156,19169.9,75.0
19.595186233520508,0.03271829734566553,0.3474216713202949,0.0,2,166.629,-0.0491138,-0.116304,19103.3,75.0
19.61667013168335,0.026174637876532424,0.3126795041882654,0.0,2,166.266,-0.0280378,-0.105631,19033.9,75.0
19.638381481170654,0.02093971030122594,0.2814115537694389,0.0,2,165.867,-0.00837326,-0.094421,18964.2,75.0
19.658998012542725,0.0,0.253270398392495,0.0,2,165.443,0.00982499,-0.0834295,18892.4,75.0
19.68019676208496,0.0,0.2279433585532455,0.0,2,164.998,0.026561,-0.0734606,18820.6,75.0
19.701475381851196,0.0,0.20514902269792093,0.0,2,164.541,0.04189,-0.064985,18752.0,75.0
19.722362518310547,0.0,0.18463412042812882,0.0,2,164.072,0.0558773,-0.0580648,18683.5,75.0
19.743539810180664,-0.026516111999999998,0.16617070838531595,0.0,2,163.598,0.0686038,-0.0524434,18612.1,75.0
19.76509666442871,-0.048066285599999994,0.14955363754678436,0.0,2,163.114,0.0801409,-0.0469711,18539.1,75.0
19.78677487373352,-0.06563476248,0.13459827379210593,0.0,2,162.606,0.0904686,-0.0408788,18476.5,75.0
19.8079891204834,-0.08005508198399999,0.12113844641289534,0.0,2,162.086,0.0995521,-0.0340074,18412.8,75.0
19.829241514205933,-0.09200362158719999,0.1090246017716058,0.0,2,161.555,0.107363,-0.0263376,18345.8,75.0
19.849931955337524,-0.10202264126975999,0.09812214159444523,0.0,2,161.014,0.113875,-0.018069,18276.0,75.0
19.87164878845215,-0.11053397301580799,0.0883099274350007,0.0,2,160.467,0.119099,-0.00957781,18205.0,75.0
19.892860889434814,-0.11785250981264639,0.07947893469150064,0.0,2,159.914,0.122991,-0.000814557,18133.0,75.0
19.914664030075073,-0.09428200785011712,0.07153104122235057,0.0,2,159.37,0.125547,0.00854194,18032.1,75.0
19.935136079788208,-0.07542560628009369,0.06437793710011551,0.0,2,158.8,0.126778,0.0188619,17961.0,75.0
19.957569360733032,-0.03147219902407495,0.057940143390103956,0.0,2,158.217,0.126589,0.0297595,17895.3,75.0
19.979093074798584,-0.02517775921925996,0.05214612905109356,0.0,2,157.628,0.124909,0.0409751,17825.8,75.0
20.000786542892456,-0.020142207375407967,0.0469315161459842,0.0,2,157.04,0.121701,0.0519019,17756.6,75.0
20.02184510231018,0.0,0.04223836453138578,0.0,2,156.458,0.117056,0.0615366,17690.9,75.0
20.042821407318115,0.0,0.038014528078247206,0.0,2,155.885,0.111027,0.0695365,17627.7,75.0
20.064962148666382,0.0,0.034213075270422486,0.0,2,155.322,0.103691,0.0761382,17563.6,75.0
20.086042881011963,0.0,0.13079176774338025,0.0,2,154.794,0.0952806,0.0812089,17465.9,75.0
20.107717752456665,0.0,0.21771259096904222,0.0,2,154.244,0.0860778,0.0834011,17428.7,75.0
20.128928899765015,0.0,0.295941331872138,0.0,2,153.702,0.0763698,0.0816643,17392.7,75.0
20.150707483291626,0.0,0.3663471986849242,0.0,2,153.167,0.0664717,0.076088,17350.8,75.0
20.171465158462524,0.0,0.4297124788164318,0.0,2,152.63,0.0567907,0.0670902,17300.6,75.0
20.19237494468689,0.0,0.48674123093478866,0.0,2,152.093,0.0476886,0.0555859,17234.0,75.0
20.21415066719055,0.0,0.4380671078413098,0.0,2,151.546,0.0395054,0.0425076,17157.8,75.0
20.235904932022095,0.027449544,0.39426039705717886,0.0,2,150.99,0.0325092,0.0282565,17066.1,75.0
20.256450176239014,0.0502642452,0.35483435735146096,0.0,2,150.452,0.0267694,0.01306,16946.2,75.0
20.27808141708374,0.06942779616,0.31935092161631484,0.0,2,149.873,0.022335,-0.00199568,16880.0,75.0
20.299431800842285,0.085738177728,0.28741582945468336,0.0,2,149.289,0.0192892,-0.0159526,16817.5,75.0
20.3206889629364,0.09997429818240001,0.258674246509215,0.0,2,148.801,0.017736,-0.0283058,16944.6,75.0
20.341715574264526,0.11239718654592001,0.2328068218582935,0.0,2,148.497,0.0177155,-0.0384931,17074.4,75.0
20.364161729812622,0.123129135236736,0.20952613967246414,0.0,2,148.447,0.0191807,-0.0457394,17214.1,75.0
20.38513708114624,0.1321794721893888,0.18857352570521774,0.0,2,148.5,0.0220501,-0.0500729,17306.9,75.0
20.406720638275146,0.13964795175151104,0.16971617313469595,0.0,2,148.572,0.0261683,-0.0524408,17257.4,75.0
20.427680015563965,0.11171836140120883,0.15274455582122634,0.0,2,148.58,0.0313078,-0.05397,17222.2,75.0
20.44931125640869,0.08937468912096706,0.13747010023910372,0.0,2,148.546,0.0372206,-0.0547259,17171.4,75.0
20.470690727233887,0.07149975129677365,0.22372309021519338,0.0,2,148.464,0.0437215,-0.0547594,17124.9,75.0
20.491241455078125,0.05719980103741892,0.30135078119367403,0.0,2,148.338,0.0506764,-0.0545611,17079.3,75.0
20.513505935668945,0.04575984082993513,0.3712157030743066,0.0,2,148.172,0.0579614,-0.0543222,17034.6,75.0
20.53443455696106,0.0709640046639481,0.434094132766876,0.0,2,147.971,0.065385,-0.0531859,16987.8,75.0
20.55564546585083,0.09117975773115848,0.4906847194901884,0.0,2,147.738,0.0727231,-0.0503374,16941.2,75.0
20.577567100524902,0.10732125018492679,0.5416162475411695,0.0,2,147.476,0.079749,-0.0456638,16891.8,75.0
20.599488973617554,0.12011122814794142,0.5874546227870526,0.0,2,147.188,0.0862853,-0.0392791,16836.1,75.0
20.620532512664795,0.13013292851835315,0.5287091605083474,0.0,2,146.87,0.0921304,-0.0314189,16783.7,75.0
20.641597032546997,0.1378694768146825,0.47583824445751266,0.0,2,146.526,0.0971157,-0.0223616,16728.6,75.0
20.664361238479614,0.143721677451746,0.4282544200117614,0.0,2,146.158,0.101074,-0.0123225,16671.0,75.0
20.685691833496094,0.1480218919613968,0.38542897801058523,0.0,2,145.768,0.10388,-0.00148493,16611.3,75.0
20.705883979797363,0.15104580936911743,0.3468860802095267,0.0,2,145.369,0.105499,0.00922406,16552.8,75.0
20.726820707321167,0.15306180389529395,0.312197472188574,0.0,2,144.961,0.105952,0.018903,16493.3,75.0
20.74794602394104,0.15433866311623515,0.2809777249697166,0.0,2,144.552,0.105346,0.0265029,16439.1,75.0
20.76943850517273,0.15514955649298812,0.252879952472745,0.0,2,144.145,0.103812,0.0320054,16379.7,75.0
20.7905433177948,0.1557123211943905,0.2275919572254705,0.0,2,143.728,0.101392,0.0362233,16332.4,75.0
20.812641143798828,0.1561596589555124,0.20483276150292343,0.0,2,143.309,0.0982258,0.0389681,16285.2,75.0
20.834018230438232,0.12492772716440992,0.2843494853526311,0.0,2,142.889,0.0944445,0.0404809,16238.3,75.0
20.85483479499817,0.09994218173152794,0.355914536817368,0.0,2,142.466,0.0901128,0.0413838,16189.5,75.0
20.875223875045776,0.07995374538522235,0.4203230831356312,0.0,2,142.156,0.0853711,0.0419233,16282.8,75.0
20.896694898605347,0.06396299630817788,0.4782907748220681,0.0,2,142.014,0.080267,0.04212,16377.8,75.0
20.917278289794922,0.051170397046542304,0.5304616973398613,0.0,2,142.021,0.0749034,0.0420912,16476.6,75.0
20.939075231552124,0.04093631763723384,0.5774155276058751,0.0,2,142.157,0.0693443,0.0419914,16588.1,75.0
20.959920644760132,0.032749054109787075,0.6196739748452876,0.0,2,142.414,0.0636505,0.0418916,16704.5,75.0
20.98192596435547,0.02619924328782966,0.6577065773607589,0.0,2,142.779,0.057838,0.0418046,16826.4,75.0
21.00378727912903,0.02095939463026373,0.691935919624683,0.0,2,143.131,0.0519574,0.0417297,16791.4,75.0
21.02495288848877,0.048385133704210985,0.7227423276622147,0.0,2,143.393,0.0460823,0.0408836,16756.9,75.0
21.045969009399414,0.07021929096336879,0.6504680948959932,0.0,2,143.574,0.0403958,0.0385371,16726.6,75.0
21.0685293674469,0.08771880677069503,0.5854212854063939,0.0,2,143.682,0.0350529,0.0346482,16695.8,75.0
21.089135885238647,0.10188695341655603,0.5268791568657545,0.0,2,143.723,0.0302196,0.0292863,16662.6,75.0
21.11154294013977,0.1135185847332448,0.47419124117917905,0.0,2,143.705,0.0260421,0.0225817,16629.0,75.0
21.131932973861694,0.12323696578659583,0.42677211706126117,0.0,2,143.634,0.0226785,0.0144877,16587.3,75.0
21.154048681259155,0.13153991062927667,0.384094905355135,0.0,2,143.513,0.0202672,0.00493389,16543.0,75.0
21.17443609237671,0.13882809510342134,0.3456854148196215,0.0,2,143.346,0.0189569,-0.00577396,16496.0,75.0
21.195337772369385,0.14540131368273707,0.31111687333765936,0.0,2,143.135,0.0188779,-0.0173844,16446.0,75.0
21.21651577949524,0.15148311494618966,0.2800051860038934,0.0,2,142.897,0.0200791,-0.0290163,16394.1,75.0
21.23807644844055,0.15718926995695173,0.2520046674035041,0.0,2,142.635,0.0225261,-0.0395814,16340.7,75.0
21.26057744026184,0.16254529996556139,0.22680420066315365,0.0,2,142.465,0.0261691,-0.0486363,16442.3,75.0
21.28091788291931,0.1674754179724491,0.20412378059683828,0.0,2,142.504,0.0309789,-0.0558211,16565.2,75.0
21.30296230316162,0.1718272003779593,0.18371140253715446,0.0,2,142.63,0.0368588,-0.061216,16674.0,75.0
21.32486367225647,0.17555672030236744,0.165340262283439,0.0,3,142.873,0.0437779,-0.0661141,16790.0,75.0
21.345657110214233,0.17868842224189396,0.1488062360550951,0.0,3,143.218,0.0517606,-0.0716108,16914.1,75.0
21.36660599708557,0.18131658579351517,0.1339256124495856,0.0,3,143.653,0.0608126,-0.0780379,17046.5,75.0
21.389158487319946,0.18354374263481213,0.12053305120462703,0.0,3,144.165,0.0709643,-0.0854326,17187.7,75.0
21.41013216972351,0.18546195010784972,0.10847974608416433,0.0,3,144.654,0.0822484,-0.0935665,17150.8,75.0
21.430832147598267,0.1871911500862798,0.09763177147574789,0.0,3,145.035,0.0947128,-0.102045,17105.5,75.0
21.452117681503296,0.18885462006902382,0.0878685943281731,0.0,3,145.313,0.108415,-0.110811,17066.3,75.0
21.47455143928528,0.19054455605521906,0.07908173489535579,0.0,3,145.497,0.123377,-0.120051,17035.5,75.0
21.49600601196289,0.19234050484417523,0.07117356140582021,0.0,3,145.608,0.139654,-0.129911,16991.8,75.0
21.51729416847229,0.19430226387534016,0.06405620526523818,0.0,3,145.649,0.157303,-0.140234,16943.3,75.0
21.539153814315796,0.19646645110027214,0.057650584738714365,0.0,3,145.627,0.176364,-0.150863,16894.2,75.0
21.55968403816223,0.1988487408802177,0.05188552626484293,0.0,3,145.549,0.196862,-0.161685,16843.6,75.0
21.581758499145508,0.20145069270417415,0.04669697363835863,0.0,3,145.422,0.218821,-0.172764,16790.0,75.0
21.602946043014526,0.2042731941633393,0.04202727627452277,0.0,3,145.248,0.24228,-0.184413,16736.7,75.0
21.624165534973145,0.20733453533067145,0.037824548647070494,0.0,3,145.227,0.267193,-0.195782,16865.3,75.0
21.64595651626587,0.21047834826453715,0.03404209378236345,0.0,3,145.28,0.293517,-0.205692,16973.4,75.0
21.743919372558594,0.21355619861162972,0.030637884404127104,0.0,3,145.462,0.321179,-0.214107,17091.7,75.0
21.765333652496338,0.21641417888930378,0.027574095963714393,0.0,3,145.766,0.350119,-0.221027,17210.1,75.0
21.78692102432251,0.218933363111443,0.024816686367342952,0.0,3,146.18,0.380245,-0.226553,17329.2,75.0
21.80735683441162,0.2210318704891544,0.022335017730608656,0.0,3,146.69,0.411457,-0.23088,17452.6,75.0
21.829162120819092,0.22266429639132354,0.02010151595754779,0.0,4,147.283,0.443655,-0.234244,17585.1,75.0
21.8496572971344,0.22381627711305885,0.01809136436179301,0.0,5,147.949,0.476738,-0.236842,17726.5,75.0
21.87177300453186,0.22449414169044707,0.11628222792561371,0.0,5,148.676,0.510591,-0.238895,17877.9,75.0
21.89220643043518,0.22472341335235765,0.20465400513305235,0.0,5,149.451,0.545227,-0.241362,18048.8,75.0
21.913118600845337,0.17977873068188613,0.28418860461974715,0.0,5,150.185,0.580679,-0.245182,18008.3,75.0
21.933987140655518,0.1438229845455089,0.35576974415777246,0.0,5,150.797,0.617035,-0.25044,17936.8,75.0
21.95528745651245,0.11505838763640712,0.4201927697419952,0.0,5,151.275,0.654361,-0.256929,17884.6,75.0
21.976436376571655,0.0920467101091257,0.4781734927677957,0.0,5,151.634,0.692746,-0.264457,17841.9,75.0
21.997814416885376,0.07363736808730056,0.5303561434910161,0.0,5,151.893,0.732247,-0.27278,17804.0,75.0
22.019450187683105,0.05890989446984045,0.5773205291419146,0.0,5,152.071,0.772842,-0.280885,17763.3,75.0
22.040620803833008,0.047127915575872356,0.6195884762277231,0.0,5,152.174,0.813547,-0.268179,17719.6,75.0
22.06122136116028,0.08379307246069788,0.6576296286049508,0.0,5,152.195,0.850833,-0.243481,17678.3,75.0
22.082901000976562,0.1116433179685583,0.6918666657444557,0.0,5,152.114,0.884329,-0.220825,17690.4,75.0
22.10404920578003,0.13256415437484664,0.7226799991700101,0.0,5,152.011,0.913995,-0.200043,17620.4,75.0
22.125296592712402,0.14805390349987732,0.6504119992530091,0.0,5,151.857,0.939968,-0.180591,17524.4,75.0
22.145962238311768,0.15927858279990187,0.5853707993277082,0.0,5,151.636,0.962447,-0.160685,17458.8,75.0
22.167581796646118,0.16706396623992148,0.5268337193949374,0.0,5,151.377,0.981441,-0.140083,17392.2,75.0
22.188092470169067,0.1720561529919372,0.47415034745544365,0.0,5,151.12,0.99687,-0.118546,13769.5,75.0
22.209128856658936,0.17475768239354975,0.4267353127098993,0.0,5,150.885,1.00872,-0.0962989,13750.3,75.0
22.229999780654907,0.1755840799148398,0.38406178143890934,0.0,5,150.632,1.01696,-0.0744262,13704.3,75.0
22.252370834350586,0.17493283593187184,0.34565560329501843,0.0,5,150.35,1.02146,-0.0528431,13686.3,75.0
22.272687673568726,0.17311685474549746,0.31109004296551657,0.0,5,150.051,1.02227,-0.0324562,13650.8,75.0
22.293543338775635,0.17044085579639795,0.2799810386689649,0.0,5,149.74,1.0195,-0.0126805,13601.1,75.0
22.31549096107483,0.16726951463711837,0.2519829348020684,0.0,5,149.4,1.01332,0.0060209,13555.3,75.0
22.335684776306152,0.16381435770969469,0.22678464132186155,0.0,5,149.03,1.00388,0.0238529,13514.1,75.0
22.3566837310791,0.16020231216775574,0.2041061771896754,0.0,5,148.638,0.991392,0.0408106,13472.8,75.0
22.377816200256348,0.1565304137342046,0.18369555947070784,0.0,5,148.221,0.976142,0.0573705,13440.0,75.0
22.399104595184326,0.15284950098736366,0.16532600352363705,0.0,5,147.799,0.958175,0.0733719,13395.4,75.0
22.419946670532227,0.12227960078989093,0.14879340317127335,0.0,5,147.364,0.937627,0.0888032,13354.0,75.0
22.441187381744385,0.09782368063191274,0.233914062854146,0.0,5,146.926,0.914722,0.104276,13303.0,75.0
22.462358713150024,0.0782589445055302,0.3105226565687314,0.0,5,146.449,0.889716,0.11756,13258.3,75.0
22.4835684299469,0.06260715560442416,0.3794703909118583,0.0,5,145.944,0.862858,0.128001,13202.4,75.0
22.504528999328613,0.05008572448353933,0.4415233518206725,0.0,5,145.399,0.834256,0.136168,13166.2,75.0
22.52539896965027,0.040068579586831465,0.39737101663860525,0.0,5,144.871,0.804316,0.146051,13124.4,75.0
22.546800136566162,0.032054863669465174,0.3576339149747447,0.0,5,144.374,0.77306,0.157828,13071.4,75.0
22.56812286376953,0.02564389093557214,0.32187052347727024,0.0,5,143.891,0.740367,0.170452,13017.6,75.0
22.58920454978943,0.02051511274845771,0.28968347112954324,0.0,5,143.412,0.70622,0.182805,12966.1,75.0
22.610432863235474,-0.028509009801233828,0.2607151240165889,0.0,5,143.004,0.670557,0.194812,10518.0,75.0
22.631378173828125,-0.06869352784098706,0.23464361161493003,0.0,5,142.674,0.633407,0.206529,10490.0,75.0
22.65261936187744,-0.10174216227278965,0.21117925045343702,0.0,5,142.355,0.59484,0.218123,9513.18,75.0
22.673869848251343,-0.08139372981823172,0.1900613254080933,0.0,5,142.04,0.554944,0.229384,9519.07,75.0
22.694912672042847,-0.06511498385458538,0.171055192867284,0.0,5,141.741,0.513798,0.240779,9462.84,75.0
22.716185808181763,-0.0520919870836683,0.15394967358055558,0.0,5,141.692,0.471368,0.25296,9597.67,75.0
22.737330675125122,-0.04167358966693464,0.13855470622250002,0.0,5,141.73,0.427591,0.266712,9616.25,75.0
22.758171558380127,-0.033338871733547715,0.12469923560025001,0.0,5,141.846,0.382414,0.282003,9637.31,75.0
22.77914047241211,-0.02667109738683817,0.112229312040225,0.0,5,142.037,0.335762,0.298845,9656.42,75.0
22.800400018692017,-0.021336877909470538,0.1010063808362025,0.0,5,142.29,0.287488,0.317158,9675.33,75.0
22.82168412208557,0.0,0.09090574275258226,0.0,5,142.593,0.237406,0.336589,9697.62,75.0
22.84336495399475,0.0,0.08181516847732404,0.0,5,142.924,0.185394,0.355738,9724.56,75.0
22.864062547683716,0.0,0.07363365162959164,0.0,5,143.273,0.131456,0.373018,9755.86,75.0
22.885738372802734,0.0,0.06627028646663247,0.0,5,143.64,0.0755946,0.388378,9790.01,75.0
22.90801167488098,0.0,0.05964325781996922,0.0,5,143.964,0.0178782,0.402001,9786.68,75.0
22.92917037010193,0.0,0.0536789320379723,0.0,5,144.22,-0.0416241,0.414197,9784.12,75.0
22.949856519699097,0.0,0.04831103883417507,0.0,5,144.414,-0.10279,0.425159,9780.97,75.0
22.971567630767822,0.0,0.04347993495075756,0.0,5,144.554,-0.165506,0.43494,9775.19,75.0
22.992262601852417,0.0,0.0391319414556818,0.0,5,144.646,-0.229631,0.443903,9767.58,75.0
23.013477563858032,0.0,0.035218747310113624,0.0,5,144.695,-0.295082,0.452195,9757.77,75.0
23.035138368606567,0.0,0.03169687257910226,0.0,5,144.706,-0.361752,0.460027,9745.97,75.0
23.055809020996094,0.0,0.028527185321192035,0.0,5,144.683,-0.429564,0.46762,9732.53,75.0
23.07748770713806,0.0,0.02567446678907283,0.0,5,144.631,-0.498446,0.474889,9718.05,75.0
23.098154067993164,0.0,0.02310702011016555,0.0,5,144.55,-0.568303,0.482033,9704.09,75.0
23.120413303375244,0.0,0.020796318099148996,0.0,5,144.448,-0.639098,0.488978,9687.69,75.0
23.142055988311768,0.0,0.018716686289234095,0.0,5,144.326,-0.710779,0.495791,9670.66,75.0
23.16262173652649,0.0,0.016845017660310685,0.0,5,144.187,-0.783303,0.502421,9652.41,75.0
23.183539152145386,0.0,0.015160515894279617,0.0,5,144.046,-0.856748,0.509822,9636.44,75.0
23.204681396484375,0.0,0.013644464304851655,0.0,5,143.898,-0.931263,0.519429,9621.94,75.0
23.22603702545166,0.0,0.01228001787436649,0.0,5,143.842,-1.00694,0.530715,9668.3,75.0
23.24706220626831,0.0,0.01105201608692984,0.0,5,143.81,-1.08419,0.544406,9751.43,75.0
23.26807999610901,0.0,0.009946814478236856,0.0,5,143.876,-1.16328,0.560101,9819.8,75.0
23.289392948150635,0.0,0.008952133030413171,0.0,5,143.999,-1.24428,0.578272,9906.06,75.0
23.310075998306274,0.0,0.008056919727371855,0.0,5,143.872,-1.32719,0.597167,10194.7,75.0
23.331409454345703,0.0,0.007251227754634669,0.0,5,143.817,-1.4119,0.615371,10363.8,75.0
23.35342288017273,0.0,0.006526104979171202,0.0,5,143.723,-1.4983,0.631393,10476.3,75.0
23.37498426437378,0.0,0.005873494481254082,0.0,5,143.936,-1.58635,0.643616,10180.0,75.0
23.396024703979492,0.0,0.005286145033128673,0.0,5,143.888,-1.67609,0.654413,10162.8,75.0
23.41775608062744,0.0,0.004757530529815806,0.0,5,144.078,-1.76753,0.667568,9752.06,75.0
23.439244270324707,0.0,0.004281777476834225,0.0,5,143.913,-1.86061,0.685317,9664.72,75.0
23.46065640449524,0.0,0.0038535997291508028,0.0,5,143.665,-1.9552,0.705349,9681.54,75.0
23.481696367263794,0.0,0.0034682397562357226,0.0,5,143.479,-2.05133,0.725152,9609.34,75.0
23.503236293792725,0.0,0.0031214157806121502,0.0,5,143.284,-2.14892,0.743508,9602.13,75.0
23.524590015411377,0.0,0.0028092742025509353,0.0,5,143.027,-2.24794,0.760758,9562.03,75.0
23.545612812042236,0.0,0.0025283467822958417,0.0,5,142.803,-2.34837,0.776407,9552.71,75.0
